,Date,AirTemp_F,FeelsLike,DewPoint,WindSpeed_mph,WindGust_mph,WindDirection,HourlyRain_inhr,DailyRain_in,Rain24hr_in,RelativePressure_inHg,OutdoorHumidity_pct,AbsolutePressure_inHg
Average,5/24/2022,63.6,62.7,35.7,1.2,4,WNW,0,0.02,0.03,30.2,36,28.49
High,5/24/2022,77.4,76.3,46.6,6.3,12.8,,0.06,0.03,0.03,30.41,57,28.71
High Datetime,5/24/2022,2022-05-24T14:39:00-05:00,2022-05-24T14:39:00-05:00,2022-05-24T14:44:00-05:00,2022-05-24T15:21:00-05:00,2022-05-24T16:01:00-05:00,,2022-05-24T15:21:00-05:00,2022-05-24T15:26:00-05:00,2022-05-24T15:21:00-05:00,2022-05-24T09:20:00-05:00,2022-05-24T23:31:00-05:00,2022-05-24T09:20:00-05:00
Low,5/24/2022,49.5,49.5,33.4,0,0,,0,0,0,30.13,26,28.44
Low Datetime,5/24/2022,2022-05-24T23:31:00-05:00,2022-05-24T23:31:00-05:00,2022-05-24T09:35:00-05:00,2022-05-24T09:20:00-05:00,2022-05-24T09:20:00-05:00,,2022-05-24T09:20:00-05:00,2022-05-24T09:20:00-05:00,2022-05-24T09:20:00-05:00,2022-05-24T17:31:00-05:00,2022-05-24T09:20:00-05:00,2022-05-24T17:31:00-05:00
Average,5/25/2022,48,47.9,40.5,1.4,6.7,E,0.01,0.04,0.06,30.16,77,28.4
High,5/25/2022,53.4,53.4,45.3,4,16.6,,0.06,0.17,0.18,30.25,98,28.5
High Datetime,5/25/2022,2022-05-25T09:46:00-05:00,2022-05-25T09:46:00-05:00,2022-05-25T13:46:00-05:00,2022-05-25T14:01:00-05:00,2022-05-25T12:31:00-05:00,,2022-05-25T18:16:00-05:00,2022-05-25T23:46:00-05:00,2022-05-25T23:46:00-05:00,2022-05-25T10:01:00-05:00,2022-05-25T20:46:00-05:00,2022-05-25T10:01:00-05:00
Low,5/25/2022,45.1,45.1,33.2,0,0,,0,0,0.03,29.95,51,28.2
Low Datetime,5/25/2022,2022-05-25T23:46:00-05:00,2022-05-25T23:46:00-05:00,2022-05-25T05:46:00-05:00,2022-05-25T01:01:00-05:00,2022-05-25T01:01:00-05:00,,2022-05-25T01:01:00-05:00,2022-05-25T01:01:00-05:00,2022-05-25T01:01:00-05:00,2022-05-25T23:46:00-05:00,2022-05-25T05:46:00-05:00,2022-05-25T23:46:00-05:00
Average,5/26/2022,49.9,49.9,43.4,1.4,6.2,N,0,0.05,0.19,29.92,80,28.18
High,5/26/2022,56.5,56.5,46.5,3.8,13.9,,0.03,0.05,0.23,29.97,100,28.2
High Datetime,5/26/2022,2022-05-26T14:16:00-05:00,2022-05-26T14:16:00-05:00,2022-05-26T10:31:00-05:00,2022-05-26T12:31:00-05:00,2022-05-26T13:46:00-05:00,,2022-05-26T01:01:00-05:00,2022-05-26T04:31:00-05:00,2022-05-26T04:16:00-05:00,2022-05-26T23:46:00-05:00,2022-05-26T04:46:00-05:00,2022-05-26T17:01:00-05:00
Low,5/26/2022,41.7,41.7,39.8,0,0,,0,0.01,0.06,29.88,56,28.15
Low Datetime,5/26/2022,2022-05-26T23:46:00-05:00,2022-05-26T23:46:00-05:00,2022-05-26T23:46:00-05:00,2022-05-26T20:31:00-05:00,2022-05-26T20:31:00-05:00,,2022-05-26T01:16:00-05:00,2022-05-26T01:01:00-05:00,2022-05-26T23:46:00-05:00,2022-05-26T13:46:00-05:00,2022-05-26T15:16:00-05:00,2022-05-26T04:31:00-05:00
Average,5/27/2022,56.8,56.4,41.6,1.6,5.6,N,0,0,0,29.88,62,28.16
High,5/27/2022,75.2,74,46.3,5.1,14.3,,0,0,0.04,30,99,28.24
High Datetime,5/27/2022,2022-05-27T17:46:00-05:00,2022-05-27T17:46:00-05:00,2022-05-27T08:46:00-05:00,2022-05-27T12:01:00-05:00,2022-05-27T15:31:00-05:00,,2022-05-27T01:01:00-05:00,2022-05-27T01:01:00-05:00,2022-05-27T01:01:00-05:00,2022-05-27T05:16:00-05:00,2022-05-27T06:16:00-05:00,2022-05-27T08:31:00-05:00
Low,5/27/2022,32.9,32.9,32.4,0,0,,0,0,0,29.76,33,28.11
Low Datetime,5/27/2022,2022-05-27T05:16:00-05:00,2022-05-27T05:16:00-05:00,2022-05-27T05:16:00-05:00,2022-05-27T01:01:00-05:00,2022-05-27T01:01:00-05:00,,2022-05-27T01:01:00-05:00,2022-05-27T01:01:00-05:00,2022-05-27T04:31:00-05:00,2022-05-27T17:01:00-05:00,2022-05-27T17:46:00-05:00,2022-05-27T17:01:00-05:00
Average,5/28/2022,54.5,54.5,50.2,1.3,7,ESE,0.01,0.09,0.09,29.75,86,28.04
High,5/28/2022,58.3,58.3,55.6,4,13.2,,0.13,0.14,0.14,29.82,100,28.11
High Datetime,5/28/2022,2022-05-28T07:01:00-05:00,2022-05-28T07:01:00-05:00,2022-05-28T11:31:00-05:00,2022-05-28T07:31:00-05:00,2022-05-28T07:31:00-05:00,,2022-05-28T08:16:00-05:00,2022-05-28T10:31:00-05:00,2022-05-28T10:16:00-05:00,2022-05-28T01:01:00-05:00,2022-05-28T23:01:00-05:00,2022-05-28T01:01:00-05:00
Low,5/28/2022,52,52,41.5,0,0,,0,0,0,29.7,59,27.99
Low Datetime,5/28/2022,2022-05-28T21:31:00-05:00,2022-05-28T21:31:00-05:00,2022-05-28T01:31:00-05:00,2022-05-28T03:01:00-05:00,2022-05-28T09:31:00-05:00,,2022-05-28T01:01:00-05:00,2022-05-28T01:01:00-05:00,2022-05-28T01:01:00-05:00,2022-05-28T18:01:00-05:00,2022-05-28T01:01:00-05:00,2022-05-28T18:01:00-05:00
Average,5/29/2022,60.4,60.4,55.9,1.8,8.1,ESE,0,0,0.05,29.6,86,27.91
High,5/29/2022,70,70,60.2,4.5,17.9,,0,0,0.14,29.69,100,27.97
High Datetime,5/29/2022,2022-05-29T17:16:00-05:00,2022-05-29T17:16:00-05:00,2022-05-29T17:16:00-05:00,2022-05-29T13:16:00-05:00,2022-05-29T13:16:00-05:00,,2022-05-29T01:01:00-05:00,2022-05-29T01:01:00-05:00,2022-05-29T01:01:00-05:00,2022-05-29T01:01:00-05:00,2022-05-29T01:01:00-05:00,2022-05-29T01:01:00-05:00
Low,5/29/2022,50,50,49,0,2.2,,0,0,0,29.51,48,27.86
Low Datetime,5/29/2022,2022-05-29T04:46:00-05:00,2022-05-29T04:46:00-05:00,2022-05-29T17:01:00-05:00,2022-05-29T03:01:00-05:00,2022-05-29T03:01:00-05:00,,2022-05-29T01:01:00-05:00,2022-05-29T01:01:00-05:00,2022-05-29T10:31:00-05:00,2022-05-29T17:01:00-05:00,2022-05-29T17:01:00-05:00,2022-05-29T17:01:00-05:00
Average,5/30/2022,65.6,65.7,62.1,1.9,9.3,N,0.03,0.31,0.32,29.53,88,27.87
High,5/30/2022,74.8,75.4,66.8,8.5,23.9,,0.79,0.67,0.67,29.91,100,28.16
High Datetime,5/30/2022,2022-05-30T17:31:00-05:00,2022-05-30T17:31:00-05:00,2022-05-30T16:46:00-05:00,2022-05-31T23:31:00-05:00,2022-05-30T07:46:00-05:00,,2022-05-30T22:16:00-05:00,2022-05-30T23:01:00-05:00,2022-05-30T22:46:00-05:00,2022-05-31T23:31:00-05:00,2022-05-30T07:01:00-05:00,2022-05-31T23:31:00-05:00
Low,5/30/2022,45.5,41.1,41.6,0,1.3,,0,0,0,29.41,72,27.78
Low Datetime,5/30/2022,2022-05-31T23:31:00-05:00,2022-05-31T23:31:00-05:00,2022-05-31T23:31:00-05:00,2022-05-30T01:16:00-05:00,2022-05-30T03:46:00-05:00,,2022-05-30T01:01:00-05:00,2022-05-30T01:01:00-05:00,2022-05-30T01:01:00-05:00,2022-05-30T18:01:00-05:00,2022-05-30T17:46:00-05:00,2022-05-30T18:01:00-05:00
Average,5/31/2022,56.3,55.8,51.1,7,20.1,N,0,0.06,0.43,29.56,83,27.87
High,5/31/2022,61.2,61.2,58.3,13.4,34.9,,0.13,0.11,0.69,29.9,97,28.15
High Datetime,5/31/2022,2022-05-31T09:31:00-05:00,2022-05-31T09:31:00-05:00,2022-05-31T04:01:00-05:00,2022-05-31T16:31:00-05:00,2022-05-31T14:46:00-05:00,,2022-05-31T10:31:00-05:00,2022-05-31T21:46:00-05:00,2022-05-31T02:31:00-05:00,2022-05-31T23:01:00-05:00,2022-05-31T01:01:00-05:00,2022-05-31T23:01:00-05:00
Low,5/31/2022,45.5,40.8,41.6,0.7,5.8,,0,0,0.11,29.39,64,27.71
Low Datetime,5/31/2022,2022-05-31T23:01:00-05:00,2022-05-31T23:01:00-05:00,2022-05-31T23:16:00-05:00,2022-05-31T01:46:00-05:00,2022-05-31T01:01:00-05:00,,2022-05-31T01:01:00-05:00,2022-05-31T01:01:00-05:00,2022-05-31T23:01:00-05:00,2022-05-31T04:01:00-05:00,2022-05-31T16:16:00-05:00,2022-05-31T06:01:00-05:00
Average,6/1/2022,54.4,53.4,36.5,5.2,12.5,WNW,0,0,0.04,29.96,55,28.23
High,6/1/2022,67.1,67.1,41.9,9.2,27.1,,0,0,0.11,30.04,93,28.3
High Datetime,6/1/2022,2022-06-01T15:16:00-05:00,2022-06-01T15:16:00-05:00,2022-06-01T08:01:00-05:00,2022-06-01T01:01:00-05:00,2022-06-01T01:01:00-05:00,,2022-06-01T01:01:00-05:00,2022-06-01T01:01:00-05:00,2022-06-01T01:01:00-05:00,2022-06-01T07:16:00-05:00,2022-06-01T06:16:00-05:00,2022-06-01T08:46:00-05:00
Low,6/1/2022,41.5,38.5,25.5,0,0,,0,0,0,29.88,0,28.17
Low Datetime,6/1/2022,2022-06-01T05:31:00-05:00,2022-06-01T05:46:00-05:00,2022-06-01T14:31:00-05:00,2022-06-01T20:31:00-05:00,2022-06-01T20:31:00-05:00,,2022-06-01T01:01:00-05:00,2022-06-01T01:01:00-05:00,2022-06-01T21:46:00-05:00,2022-06-01T16:46:00-05:00,2022-06-01T13:46:00-05:00,2022-06-01T23:46:00-05:00
Average,6/2/2022,54.7,54.7,36.2,5.2,12.7,WNW,0,0,0,29.81,53,28.1
High,6/2/2022,66.7,66.7,42.7,11.9,28.6,,0,0,0,29.92,89,28.17
High Datetime,6/2/2022,2022-06-02T11:46:00-05:00,2022-06-02T11:46:00-05:00,2022-06-02T07:31:00-05:00,2022-06-02T12:01:00-05:00,2022-06-02T11:46:00-05:00,,2022-06-02T01:01:00-05:00,2022-06-02T01:01:00-05:00,2022-06-02T01:01:00-05:00,2022-06-02T01:16:00-05:00,2022-06-02T06:16:00-05:00,2022-06-02T01:01:00-05:00
Low,6/2/2022,42.1,42.1,28,0,0,,0,0,0,29.71,24,28.04
Low Datetime,6/2/2022,2022-06-02T06:16:00-05:00,2022-06-02T06:16:00-05:00,2022-06-02T11:31:00-05:00,2022-06-02T01:01:00-05:00,2022-06-02T01:31:00-05:00,,2022-06-02T01:01:00-05:00,2022-06-02T01:01:00-05:00,2022-06-02T01:01:00-05:00,2022-06-02T11:46:00-05:00,2022-06-02T11:31:00-05:00,2022-06-02T11:46:00-05:00
Average,6/3/2022,49,47.8,33.6,5.4,13.2,WNW,0,0.01,0.01,29.92,59,28.18
High,6/3/2022,61.3,61.3,38.9,11.2,26.4,,0.03,0.01,0.01,29.98,94,28.22
High Datetime,6/3/2022,2022-06-03T17:16:00-05:00,2022-06-03T17:16:00-05:00,2022-06-03T05:01:00-05:00,2022-06-03T15:01:00-05:00,2022-06-03T15:01:00-05:00,,2022-06-03T04:31:00-05:00,2022-06-03T04:46:00-05:00,2022-06-03T04:31:00-05:00,2022-06-03T23:46:00-05:00,2022-06-03T05:01:00-05:00,2022-06-03T11:16:00-05:00
Low,6/3/2022,38.1,35.5,25.4,0,0,,0,0,0,29.84,26,28.1
Low Datetime,6/3/2022,2022-06-03T23:46:00-05:00,2022-06-03T06:31:00-05:00,2022-06-03T18:16:00-05:00,2022-06-03T21:01:00-05:00,2022-06-03T21:01:00-05:00,,2022-06-03T01:01:00-05:00,2022-06-03T01:01:00-05:00,2022-06-03T01:01:00-05:00,2022-06-03T01:01:00-05:00,2022-06-03T18:16:00-05:00,2022-06-03T01:01:00-05:00
Average,6/4/2022,57.2,56.5,34.2,3.3,8.9,WNW,0,0,0,29.88,48,28.17
High,6/4/2022,72,70,40.4,8.7,22.8,,0,0,0.01,29.98,90,28.22
High Datetime,6/4/2022,2022-06-04T15:01:00-05:00,2022-06-04T15:01:00-05:00,2022-06-04T10:01:00-05:00,2022-06-04T14:31:00-05:00,2022-06-04T13:16:00-05:00,,2022-06-04T01:01:00-05:00,2022-06-04T01:01:00-05:00,2022-06-04T01:01:00-05:00,2022-06-04T02:01:00-05:00,2022-06-04T03:46:00-05:00,2022-06-04T02:01:00-05:00
Low,6/4/2022,38.3,38.3,28.8,0,0,,0,0,0,29.8,21,28.14
Low Datetime,6/4/2022,2022-06-04T03:46:00-05:00,2022-06-04T03:46:00-05:00,2022-06-04T18:31:00-05:00,2022-06-04T01:01:00-05:00,2022-06-04T01:01:00-05:00,,2022-06-04T01:01:00-05:00,2022-06-04T01:01:00-05:00,2022-06-04T04:46:00-05:00,2022-06-04T14:46:00-05:00,2022-06-04T16:46:00-05:00,2022-06-04T14:46:00-05:00
Average,6/5/2022,56,55.5,35.6,1.2,5.1,N,0,0,0,29.87,54,28.16
High,6/5/2022,72.5,70.6,43.3,4.7,13.2,,0,0,0,29.97,98,28.19
High Datetime,6/5/2022,2022-06-05T14:16:00-05:00,2022-06-05T14:16:00-05:00,2022-06-05T08:01:00-05:00,2022-06-05T12:31:00-05:00,2022-06-05T13:31:00-05:00,,2022-06-05T01:01:00-05:00,2022-06-05T01:01:00-05:00,2022-06-05T01:01:00-05:00,2022-06-05T06:31:00-05:00,2022-06-05T06:31:00-05:00,2022-06-05T07:31:00-05:00
Low,6/5/2022,33.6,33.6,31.2,0,0,,0,0,0,29.79,23,28.12
Low Datetime,6/5/2022,2022-06-05T05:31:00-05:00,2022-06-05T05:31:00-05:00,2022-06-05T13:46:00-05:00,2022-06-05T01:01:00-05:00,2022-06-05T01:01:00-05:00,,2022-06-05T01:01:00-05:00,2022-06-05T01:01:00-05:00,2022-06-05T01:01:00-05:00,2022-06-05T14:46:00-05:00,2022-06-05T13:46:00-05:00,2022-06-05T16:16:00-05:00
Average,6/6/2022,56.5,56.5,41.8,1.5,7.1,N,0,0,0,29.87,60,28.16
High,6/6/2022,66.9,66.9,45.5,4,15,,0,0,0,29.96,92,28.2
High Datetime,6/6/2022,2022-06-06T15:31:00-05:00,2022-06-06T15:31:00-05:00,2022-06-06T09:46:00-05:00,2022-06-06T16:46:00-05:00,2022-06-06T11:01:00-05:00,,2022-06-06T01:01:00-05:00,2022-06-06T01:01:00-05:00,2022-06-06T01:01:00-05:00,2022-06-06T23:46:00-05:00,2022-06-06T23:46:00-05:00,2022-06-06T22:46:00-05:00
Low,6/6/2022,43.3,43.3,34.7,0,0,,0,0,0,29.82,32,28.12
Low Datetime,6/6/2022,2022-06-06T23:46:00-05:00,2022-06-06T23:46:00-05:00,2022-06-06T18:01:00-05:00,2022-06-06T05:16:00-05:00,2022-06-06T21:31:00-05:00,,2022-06-06T01:01:00-05:00,2022-06-06T01:01:00-05:00,2022-06-06T01:01:00-05:00,2022-06-06T15:31:00-05:00,2022-06-06T18:01:00-05:00,2022-06-06T05:46:00-05:00
Average,6/7/2022,57.4,56.9,41.6,1.2,4.1,NW,0,0,0,29.92,61,28.21
High,6/7/2022,72.9,71.3,48.5,3.8,11.9,,0,0,0,30.01,100,28.25
High Datetime,6/7/2022,2022-06-07T14:01:00-05:00,2022-06-07T14:01:00-05:00,2022-06-07T23:16:00-05:00,2022-06-07T15:46:00-05:00,2022-06-07T15:01:00-05:00,,2022-06-07T01:01:00-05:00,2022-06-07T01:01:00-05:00,2022-06-07T01:01:00-05:00,2022-06-07T06:01:00-05:00,2022-06-07T06:46:00-05:00,2022-06-07T07:31:00-05:00
Low,6/7/2022,36.1,36.1,35.6,0,0,,0,0,0,29.85,29,28.19
Low Datetime,6/7/2022,2022-06-07T05:16:00-05:00,2022-06-07T05:16:00-05:00,2022-06-07T05:16:00-05:00,2022-06-07T01:01:00-05:00,2022-06-07T01:01:00-05:00,,2022-06-07T01:01:00-05:00,2022-06-07T01:01:00-05:00,2022-06-07T01:01:00-05:00,2022-06-07T16:31:00-05:00,2022-06-07T16:31:00-05:00,2022-06-07T01:01:00-05:00
Average,6/8/2022,60.1,59.5,41.3,2.2,6.5,NW,0,0,0,29.88,57,28.18
High,6/8/2022,75.4,73.8,48.7,5.8,17.4,,0,0,0,29.96,97,28.21
High Datetime,6/8/2022,2022-06-08T15:31:00-05:00,2022-06-08T15:31:00-05:00,2022-06-08T07:46:00-05:00,2022-06-08T15:46:00-05:00,2022-06-08T12:01:00-05:00,,2022-06-08T01:01:00-05:00,2022-06-08T01:01:00-05:00,2022-06-08T01:01:00-05:00,2022-06-08T03:16:00-05:00,2022-06-08T06:16:00-05:00,2022-06-08T03:46:00-05:00
Low,6/8/2022,43.5,43.5,31,0,0,,0,0,0,29.78,20,28.13
Low Datetime,6/8/2022,2022-06-08T05:46:00-05:00,2022-06-08T05:46:00-05:00,2022-06-08T14:31:00-05:00,2022-06-08T01:01:00-05:00,2022-06-08T01:01:00-05:00,,2022-06-08T01:01:00-05:00,2022-06-08T01:01:00-05:00,2022-06-08T01:01:00-05:00,2022-06-08T15:31:00-05:00,2022-06-08T14:31:00-05:00,2022-06-08T15:31:00-05:00
Average,6/9/2022,57.8,57.2,40.5,2.3,6.9,NW,0,0,0,29.94,59,28.22
High,6/9/2022,72.1,70.4,46.9,6.7,19,,0,0,0,30.01,100,28.25
High Datetime,6/9/2022,2022-06-09T15:46:00-05:00,2022-06-09T15:46:00-05:00,2022-06-09T08:16:00-05:00,2022-06-09T12:16:00-05:00,2022-06-09T10:46:00-05:00,,2022-06-09T01:01:00-05:00,2022-06-09T01:01:00-05:00,2022-06-09T01:01:00-05:00,2022-06-09T05:46:00-05:00,2022-06-09T06:31:00-05:00,2022-06-09T07:01:00-05:00
Low,6/9/2022,38.5,38.5,36.8,0,0,,0,0,0,29.87,29,28.2
Low Datetime,6/9/2022,2022-06-09T05:16:00-05:00,2022-06-09T05:16:00-05:00,2022-06-09T18:16:00-05:00,2022-06-09T01:01:00-05:00,2022-06-09T01:01:00-05:00,,2022-06-09T01:01:00-05:00,2022-06-09T01:01:00-05:00,2022-06-09T01:01:00-05:00,2022-06-09T15:46:00-05:00,2022-06-09T15:16:00-05:00,2022-06-09T01:01:00-05:00
Average,6/10/2022,59.9,59.2,41.8,1.9,5.6,WNW,0,0,0,29.86,58,28.15
High,6/10/2022,75.9,74.5,48.6,6.7,15.7,,0,0,0,29.98,99,28.21
High Datetime,6/10/2022,2022-06-10T16:16:00-05:00,2022-06-10T16:16:00-05:00,2022-06-10T08:01:00-05:00,2022-06-10T18:46:00-05:00,2022-06-10T11:46:00-05:00,,2022-06-10T01:01:00-05:00,2022-06-10T01:01:00-05:00,2022-06-10T01:01:00-05:00,2022-06-10T01:31:00-05:00,2022-06-10T06:16:00-05:00,2022-06-10T01:01:00-05:00
Low,6/10/2022,37.8,37.8,37.3,0,0,,0,0,0,29.74,27,28.09
Low Datetime,6/10/2022,2022-06-10T05:31:00-05:00,2022-06-10T05:31:00-05:00,2022-06-10T05:31:00-05:00,2022-06-10T01:01:00-05:00,2022-06-10T01:01:00-05:00,,2022-06-10T01:01:00-05:00,2022-06-10T01:01:00-05:00,2022-06-10T01:01:00-05:00,2022-06-10T18:31:00-05:00,2022-06-10T16:16:00-05:00,2022-06-10T18:31:00-05:00
Average,6/11/2022,58.9,58.6,49.9,0.6,3.1,WNW,0,0.03,0.03,29.77,75,28.07
High,6/11/2022,73.2,72.2,55.7,3.1,11,,0.06,0.04,0.04,29.88,98,28.14
High Datetime,6/11/2022,2022-06-11T14:46:00-05:00,2022-06-11T14:46:00-05:00,2022-06-11T10:46:00-05:00,2022-06-11T16:46:00-05:00,2022-06-11T16:31:00-05:00,,2022-06-11T09:16:00-05:00,2022-06-11T10:01:00-05:00,2022-06-11T09:46:00-05:00,2022-06-11T23:01:00-05:00,2022-06-11T06:31:00-05:00,2022-06-11T22:46:00-05:00
Low,6/11/2022,47.7,47.7,42.2,0,0,,0,0,0,29.68,43,28.03
Low Datetime,6/11/2022,2022-06-11T23:46:00-05:00,2022-06-11T23:46:00-05:00,2022-06-11T23:46:00-05:00,2022-06-11T01:01:00-05:00,2022-06-11T01:01:00-05:00,,2022-06-11T01:01:00-05:00,2022-06-11T01:01:00-05:00,2022-06-11T01:01:00-05:00,2022-06-11T14:46:00-05:00,2022-06-11T14:46:00-05:00,2022-06-11T14:16:00-05:00
Average,6/12/2022,58.2,57.8,43,1.6,7.5,E,0,0,0.01,29.87,60,28.16
High,6/12/2022,73.2,72.1,46.7,3.8,16.3,,0,0,0.04,29.93,96,28.19
High Datetime,6/12/2022,2022-06-12T15:31:00-05:00,2022-06-12T15:31:00-05:00,2022-06-12T15:31:00-05:00,2022-06-12T22:31:00-05:00,2022-06-12T15:16:00-05:00,,2022-06-12T01:01:00-05:00,2022-06-12T01:01:00-05:00,2022-06-12T01:01:00-05:00,2022-06-12T05:31:00-05:00,2022-06-12T04:16:00-05:00,2022-06-12T07:31:00-05:00
Low,6/12/2022,41.4,41.4,19.1,0,0,,0,0,0,29.8,32,28.13
Low Datetime,6/12/2022,2022-06-12T04:16:00-05:00,2022-06-12T04:16:00-05:00,2022-06-12T06:46:00-05:00,2022-06-12T01:01:00-05:00,2022-06-12T01:16:00-05:00,,2022-06-12T01:01:00-05:00,2022-06-12T01:01:00-05:00,2022-06-12T10:01:00-05:00,2022-06-12T16:01:00-05:00,2022-06-12T06:46:00-05:00,2022-06-12T17:46:00-05:00
Average,6/13/2022,56.8,56.8,53.1,1.7,7.7,E,0.01,0.14,0.14,29.83,88,28.12
High,6/13/2022,66.2,66.2,63.8,3.8,15.9,,0.22,0.26,0.26,29.87,98,28.15
High Datetime,6/13/2022,2022-06-14T23:46:00-05:00,2022-06-14T23:46:00-05:00,2022-06-14T23:46:00-05:00,2022-06-13T23:16:00-05:00,2022-06-13T11:31:00-05:00,,2022-06-13T11:16:00-05:00,2022-06-13T14:16:00-05:00,2022-06-13T14:01:00-05:00,2022-06-13T01:01:00-05:00,2022-06-13T10:31:00-05:00,2022-06-13T10:01:00-05:00
Low,6/13/2022,52.3,52.3,33.1,0,1.1,,0,0,0,29.68,45,28.01
Low Datetime,6/13/2022,2022-06-13T08:01:00-05:00,2022-06-13T08:01:00-05:00,2022-06-13T11:31:00-05:00,2022-06-13T03:31:00-05:00,2022-06-13T03:31:00-05:00,,2022-06-13T01:01:00-05:00,2022-06-13T01:01:00-05:00,2022-06-13T01:01:00-05:00,2022-06-14T23:46:00-05:00,2022-06-13T11:31:00-05:00,2022-06-14T23:46:00-05:00
Average,6/14/2022,64.2,64.5,61.2,2.4,9.8,N,0,0,0.12,29.65,90,27.98
High,6/14/2022,74.8,75.7,68.6,4.3,18.8,,0,0,0.26,29.8,99,28.09
High Datetime,6/14/2022,2022-06-14T18:16:00-05:00,2022-06-14T18:16:00-05:00,2022-06-14T18:01:00-05:00,2022-06-14T11:16:00-05:00,2022-06-14T11:01:00-05:00,,2022-06-14T01:01:00-05:00,2022-06-14T01:01:00-05:00,2022-06-14T01:01:00-05:00,2022-06-14T01:01:00-05:00,2022-06-14T04:46:00-05:00,2022-06-14T01:01:00-05:00
Low,6/14/2022,54.9,54.9,53.8,0,2.5,,0,0,0,29.53,79,27.89
Low Datetime,6/14/2022,2022-06-14T01:01:00-05:00,2022-06-14T01:01:00-05:00,2022-06-14T01:01:00-05:00,2022-06-14T23:31:00-05:00,2022-06-14T21:16:00-05:00,,2022-06-14T01:01:00-05:00,2022-06-14T01:01:00-05:00,2022-06-14T14:16:00-05:00,2022-06-14T17:31:00-05:00,2022-06-14T16:01:00-05:00,2022-06-14T17:31:00-05:00
Average,6/15/2022,58.9,58.9,54.4,1.5,5.8,N,0,0.01,0.01,29.73,45,28.03
High,6/15/2022,73.6,72.8,63.3,8.9,19,,0.06,0.04,0.04,29.84,99,28.13
High Datetime,6/15/2022,2022-06-15T15:31:00-05:00,2022-06-15T15:31:00-05:00,2022-06-15T00:46:00-05:00,2022-06-15T17:46:00-05:00,2022-06-15T17:31:00-05:00,,2022-06-15T18:01:00-05:00,2022-06-15T18:16:00-05:00,2022-06-15T18:01:00-05:00,2022-06-15T07:46:00-05:00,2022-06-15T03:01:00-05:00,2022-06-15T07:46:00-05:00
Low,6/15/2022,54,54,12.7,0,0,,0,0,0,29.67,0,27.97
Low Datetime,6/15/2022,2022-06-15T21:46:00-05:00,2022-06-15T21:46:00-05:00,2022-06-15T15:16:00-05:00,2022-06-15T01:46:00-05:00,2022-06-15T02:01:00-05:00,,2022-06-15T01:01:00-05:00,2022-06-15T01:01:00-05:00,2022-06-15T01:01:00-05:00,2022-06-15T15:31:00-05:00,2022-06-15T04:01:00-05:00,2022-06-15T21:01:00-05:00
Average,6/16/2022,62,62,50.3,6.6,17.5,WNW,0.01,0.08,0.11,29.68,54,27.99
High,6/16/2022,69.6,68.6,56.2,12.3,30,,0.41,0.12,0.16,29.92,95,28.21
High Datetime,6/16/2022,2022-06-16T14:46:00-05:00,2022-06-16T14:46:00-05:00,2022-06-16T08:46:00-05:00,2022-06-16T18:31:00-05:00,2022-06-16T18:16:00-05:00,,2022-06-16T07:46:00-05:00,2022-06-16T11:46:00-05:00,2022-06-16T11:31:00-05:00,2022-06-16T23:46:00-05:00,2022-06-16T08:01:00-05:00,2022-06-16T23:46:00-05:00
Low,6/16/2022,56.3,56.3,3.6,0.9,6,,0,0,0.04,29.54,0,27.85
Low Datetime,6/16/2022,2022-06-16T08:01:00-05:00,2022-06-16T08:01:00-05:00,2022-06-16T07:31:00-05:00,2022-06-16T02:16:00-05:00,2022-06-16T02:46:00-05:00,,2022-06-16T01:01:00-05:00,2022-06-16T01:01:00-05:00,2022-06-16T01:01:00-05:00,2022-06-16T04:31:00-05:00,2022-06-16T03:31:00-05:00,2022-06-16T04:31:00-05:00
Average,6/17/2022,61.7,61.2,45.6,2.6,8,N,0,0,0.04,30.09,61,28.38
High,6/17/2022,73.6,72.4,53.6,5.4,16.1,,0,0,0.12,30.29,94,28.51
High Datetime,6/17/2022,2022-06-17T15:31:00-05:00,2022-06-17T15:31:00-05:00,2022-06-17T08:01:00-05:00,2022-06-17T08:31:00-05:00,2022-06-17T08:46:00-05:00,,2022-06-17T01:01:00-05:00,2022-06-17T01:01:00-05:00,2022-06-17T01:01:00-05:00,2022-06-17T23:31:00-05:00,2022-06-17T05:16:00-05:00,2022-06-17T23:16:00-05:00
Low,6/17/2022,43.9,43.9,28,0,0,,0,0,0,29.94,20,28.22
Low Datetime,6/17/2022,2022-06-17T23:46:00-05:00,2022-06-17T23:46:00-05:00,2022-06-17T19:01:00-05:00,2022-06-17T21:16:00-05:00,2022-06-17T21:31:00-05:00,,2022-06-17T01:01:00-05:00,2022-06-17T01:01:00-05:00,2022-06-17T11:46:00-05:00,2022-06-17T01:01:00-05:00,2022-06-17T18:46:00-05:00,2022-06-17T01:01:00-05:00
Average,6/18/2022,56.5,56.5,38.8,1.6,7.8,E,0,0.03,0.03,30.26,53,28.53
High,6/18/2022,66,66,41.6,3.6,13.6,,0.16,0.04,0.04,30.37,91,28.63
High Datetime,6/18/2022,2022-06-18T15:46:00-05:00,2022-06-18T15:46:00-05:00,2022-06-18T17:46:00-05:00,2022-06-18T09:31:00-05:00,2022-06-18T12:01:00-05:00,,2022-06-18T09:01:00-05:00,2022-06-18T09:16:00-05:00,2022-06-18T09:01:00-05:00,2022-06-18T08:16:00-05:00,2022-06-18T01:31:00-05:00,2022-06-18T08:16:00-05:00
Low,6/18/2022,41.7,41.7,35.7,0,0,,0,0,0,30.16,37,28.42
Low Datetime,6/18/2022,2022-06-18T01:46:00-05:00,2022-06-18T01:46:00-05:00,2022-06-18T20:46:00-05:00,2022-06-18T01:01:00-05:00,2022-06-18T01:01:00-05:00,,2022-06-18T01:01:00-05:00,2022-06-18T01:01:00-05:00,2022-06-18T01:01:00-05:00,2022-06-18T21:31:00-05:00,2022-06-18T15:16:00-05:00,2022-06-18T21:31:00-05:00
Average,6/19/2022,70.9,71.8,58,2.5,10.1,WSW,0,0.03,0.04,29.93,64,28.26
High,6/19/2022,88.2,91.8,69.2,4.7,17.4,,0.09,0.06,0.06,30.16,93,28.42
High Datetime,6/19/2022,2022-06-19T17:01:00-05:00,2022-06-19T17:01:00-05:00,2022-06-19T14:31:00-05:00,2022-06-19T18:01:00-05:00,2022-06-19T07:46:00-05:00,,2022-06-19T12:01:00-05:00,2022-06-19T13:31:00-05:00,2022-06-19T13:16:00-05:00,2022-06-19T01:01:00-05:00,2022-06-19T12:46:00-05:00,2022-06-19T01:01:00-05:00
Low,6/19/2022,52.5,52.5,41.6,0,0,,0,0,0,29.77,51,28.15
Low Datetime,6/19/2022,2022-06-19T01:16:00-05:00,2022-06-19T01:16:00-05:00,2022-06-19T01:01:00-05:00,2022-06-19T11:31:00-05:00,2022-06-19T11:31:00-05:00,,2022-06-19T01:01:00-05:00,2022-06-19T01:01:00-05:00,2022-06-19T09:16:00-05:00,2022-06-19T18:01:00-05:00,2022-06-19T16:16:00-05:00,2022-06-19T18:46:00-05:00
Average,6/20/2022,83.7,87.7,69.1,4.1,12.7,WSW,0,0,0.03,29.76,59,28.13
High,6/20/2022,95.5,104.3,72.5,14.3,40.9,,0.31,0.11,0.11,29.86,94,28.19
High Datetime,6/20/2022,2022-06-20T14:01:00-05:00,2022-06-20T14:01:00-05:00,2022-06-20T17:16:00-05:00,2022-06-20T23:16:00-05:00,2022-06-20T23:16:00-05:00,,2022-06-20T23:16:00-05:00,2022-06-20T23:46:00-05:00,2022-06-20T23:31:00-05:00,2022-06-20T23:31:00-05:00,2022-06-20T23:46:00-05:00,2022-06-20T23:31:00-05:00
Low,6/20/2022,69.3,70.3,48.1,0,1.6,,0,0,0,29.67,0,28.07
Low Datetime,6/20/2022,2022-06-20T23:31:00-05:00,2022-06-20T23:31:00-05:00,2022-06-20T21:31:00-05:00,2022-06-20T21:46:00-05:00,2022-06-20T22:01:00-05:00,,2022-06-20T01:01:00-05:00,2022-06-20T01:01:00-05:00,2022-06-20T13:31:00-05:00,2022-06-20T18:01:00-05:00,2022-06-20T21:46:00-05:00,2022-06-20T21:01:00-05:00
Average,6/21/2022,72.3,72.3,58.3,6.6,17.5,N,0.02,0.52,0.64,29.81,60,28.15
High,6/21/2022,81.1,81.7,67.6,11.4,28.6,,0.47,0.55,0.66,29.9,98,28.21
High Datetime,6/21/2022,2022-06-21T14:46:00-05:00,2022-06-21T13:46:00-05:00,2022-06-21T10:01:00-05:00,2022-06-21T16:46:00-05:00,2022-06-21T16:46:00-05:00,,2022-06-21T03:01:00-05:00,2022-06-21T17:31:00-05:00,2022-06-21T17:01:00-05:00,2022-06-21T23:31:00-05:00,2022-06-21T01:01:00-05:00,2022-06-21T23:31:00-05:00
Low,6/21/2022,63.9,63.9,-2.9,0.4,5.8,,0,0.14,0.27,29.76,0,28.08
Low Datetime,6/21/2022,2022-06-21T23:46:00-05:00,2022-06-21T23:46:00-05:00,2022-06-21T06:01:00-05:00,2022-06-21T03:46:00-05:00,2022-06-21T03:46:00-05:00,,2022-06-21T04:01:00-05:00,2022-06-21T01:01:00-05:00,2022-06-21T01:01:00-05:00,2022-06-21T05:01:00-05:00,2022-06-21T06:16:00-05:00,2022-06-21T05:01:00-05:00
Average,6/22/2022,63.3,63,49.1,4.2,11.1,NW,0,0,0.04,30.05,62,28.35
High,6/22/2022,74.1,73.1,53.9,7.8,23,,0,0,0.41,30.11,93,28.4
High Datetime,6/22/2022,2022-06-22T17:01:00-05:00,2022-06-22T17:16:00-05:00,2022-06-22T21:46:00-05:00,2022-06-22T01:16:00-05:00,2022-06-22T01:16:00-05:00,,2022-06-22T01:01:00-05:00,2022-06-22T01:01:00-05:00,2022-06-22T01:01:00-05:00,2022-06-22T07:46:00-05:00,2022-06-22T23:46:00-05:00,2022-06-22T09:46:00-05:00
Low,6/22/2022,54.1,54.1,44.5,0,0,,0,0,0,29.96,36,28.25
Low Datetime,6/22/2022,2022-06-22T23:46:00-05:00,2022-06-22T23:46:00-05:00,2022-06-22T15:46:00-05:00,2022-06-22T20:31:00-05:00,2022-06-22T20:31:00-05:00,,2022-06-22T01:01:00-05:00,2022-06-22T01:01:00-05:00,2022-06-22T17:16:00-05:00,2022-06-22T01:01:00-05:00,2022-06-22T15:46:00-05:00,2022-06-22T01:01:00-05:00
Average,6/23/2022,73.1,73.2,58.6,3.6,10.1,WSW,0,0,0,29.85,64,28.19
High,6/23/2022,88.2,87.9,65.1,8.1,23,,0,0,0,30.04,94,28.31
High Datetime,6/23/2022,2022-06-23T16:16:00-05:00,2022-06-23T16:16:00-05:00,2022-06-23T20:46:00-05:00,2022-06-23T16:16:00-05:00,2022-06-23T14:46:00-05:00,,2022-06-23T01:01:00-05:00,2022-06-23T01:01:00-05:00,2022-06-23T01:01:00-05:00,2022-06-23T01:01:00-05:00,2022-06-23T01:01:00-05:00,2022-06-23T01:01:00-05:00
Low,6/23/2022,54.7,54.7,52.9,0,0,,0,0,0,29.71,36,28.1
Low Datetime,6/23/2022,2022-06-23T01:01:00-05:00,2022-06-23T01:01:00-05:00,2022-06-23T01:16:00-05:00,2022-06-23T01:01:00-05:00,2022-06-23T01:01:00-05:00,,2022-06-23T01:01:00-05:00,2022-06-23T01:01:00-05:00,2022-06-23T01:01:00-05:00,2022-06-23T15:16:00-05:00,2022-06-23T15:31:00-05:00,2022-06-23T15:16:00-05:00
Average,6/24/2022,73.2,73.7,61,1.5,6.5,N,0,0,0,29.02,67,28.2
High,6/24/2022,85.1,86.4,66.1,4.5,13.9,,0,0,0,29.89,92,28.22
High Datetime,6/24/2022,2022-06-24T17:01:00-05:00,2022-06-24T17:31:00-05:00,2022-06-24T15:31:00-05:00,2022-06-24T06:46:00-05:00,2022-06-24T06:46:00-05:00,,2022-06-24T01:01:00-05:00,2022-06-24T01:01:00-05:00,2022-06-24T01:01:00-05:00,2022-06-24T06:01:00-05:00,2022-06-24T02:01:00-05:00,2022-06-24T11:31:00-05:00
Low,6/24/2022,61.9,61.9,55.8,0,1.6,,0,0,0,28.18,45,28.16
Low Datetime,6/24/2022,2022-06-24T03:31:00-05:00,2022-06-24T03:31:00-05:00,2022-06-24T22:16:00-05:00,2022-06-24T01:01:00-05:00,2022-06-24T03:16:00-05:00,,2022-06-24T01:01:00-05:00,2022-06-24T01:01:00-05:00,2022-06-24T01:01:00-05:00,2022-06-24T17:01:00-05:00,2022-06-24T17:16:00-05:00,2022-06-24T01:01:00-05:00
Average,6/25/2022,65.9,66,61,3.5,10.6,N,0.02,0.45,0.46,28.16,59,28.16
High,6/25/2022,71.4,71.9,65.1,7.4,20.8,,0.22,0.57,0.57,28.2,98,28.2
High Datetime,6/25/2022,2022-06-25T13:31:00-05:00,2022-06-25T13:31:00-05:00,2022-06-25T15:31:00-05:00,2022-06-25T13:31:00-05:00,2022-06-25T13:01:00-05:00,,2022-06-25T14:16:00-05:00,2022-06-25T22:46:00-05:00,2022-06-25T22:46:00-05:00,2022-06-25T02:16:00-05:00,2022-06-25T04:16:00-05:00,2022-06-25T02:16:00-05:00
Low,6/25/2022,61.3,61.3,31.7,0,1.6,,0,0,0,28.1,0,28.1
Low Datetime,6/25/2022,2022-06-25T03:16:00-05:00,2022-06-25T03:16:00-05:00,2022-06-25T07:31:00-05:00,2022-06-25T04:01:00-05:00,2022-06-25T04:01:00-05:00,,2022-06-25T01:01:00-05:00,2022-06-25T01:01:00-05:00,2022-06-25T01:01:00-05:00,2022-06-25T07:16:00-05:00,2022-06-25T16:31:00-05:00,2022-06-25T07:16:00-05:00
Average,6/26/2022,62.6,62.6,43.9,5.6,17,N,0,0.04,0.16,28.26,25,28.26
High,6/26/2022,67.6,67.6,48.1,9.2,33.6,,0.09,0.07,0.57,28.44,83,28.44
High Datetime,6/26/2022,2022-06-26T02:46:00-05:00,2022-06-26T02:46:00-05:00,2022-06-26T17:31:00-05:00,2022-06-26T10:46:00-05:00,2022-06-26T13:01:00-05:00,,2022-06-26T13:16:00-05:00,2022-06-26T17:01:00-05:00,2022-06-26T01:01:00-05:00,2022-06-26T23:31:00-05:00,2022-06-26T17:01:00-05:00,2022-06-26T23:31:00-05:00
Low,6/26/2022,48.9,48.9,9.8,1.3,5.1,,0,0,0.05,28.15,0,28.15
Low Datetime,6/26/2022,2022-06-26T23:46:00-05:00,2022-06-26T23:46:00-05:00,2022-06-26T15:31:00-05:00,2022-06-26T23:01:00-05:00,2022-06-26T22:16:00-05:00,,2022-06-26T01:01:00-05:00,2022-06-26T01:01:00-05:00,2022-06-26T15:01:00-05:00,2022-06-26T03:16:00-05:00,2022-06-26T01:01:00-05:00,2022-06-26T03:16:00-05:00
Average,6/27/2022,59.4,59.2,49,2.7,7.9,N,0.01,0.05,0.08,28.42,71,28.42
High,6/27/2022,76.5,75.9,62.1,6,18.8,,0.5,0.16,0.16,28.51,99,28.51
High Datetime,6/27/2022,2022-06-27T16:01:00-05:00,2022-06-27T16:01:00-05:00,2022-06-27T17:46:00-05:00,2022-06-27T16:16:00-05:00,2022-06-27T17:01:00-05:00,,2022-06-27T17:01:00-05:00,2022-06-27T18:01:00-05:00,2022-06-27T17:46:00-05:00,2022-06-27T07:16:00-05:00,2022-06-27T06:01:00-05:00,2022-06-27T07:16:00-05:00
Low,6/27/2022,39.2,39.2,35.8,0,0,,0,0,0.02,28.34,43,28.34
Low Datetime,6/27/2022,2022-06-27T05:46:00-05:00,2022-06-27T05:46:00-05:00,2022-06-27T06:16:00-05:00,2022-06-27T01:01:00-05:00,2022-06-27T01:01:00-05:00,,2022-06-27T01:01:00-05:00,2022-06-27T01:01:00-05:00,2022-06-27T14:01:00-05:00,2022-06-27T19:16:00-05:00,2022-06-27T16:31:00-05:00,2022-06-27T19:16:00-05:00
Average,6/28/2022,60,59.9,48,2.4,7.5,N,0,0.01,0.12,28.35,67,28.35
High,6/28/2022,69.3,68,54.4,6.3,17.2,,0.03,0.01,0.17,28.42,96,28.42
High Datetime,6/28/2022,2022-06-28T15:01:00-05:00,2022-06-28T15:46:00-05:00,2022-06-28T07:31:00-05:00,2022-06-28T15:16:00-05:00,2022-06-28T16:31:00-05:00,,2022-06-28T09:46:00-05:00,2022-06-28T10:01:00-05:00,2022-06-28T09:46:00-05:00,2022-06-28T23:31:00-05:00,2022-06-28T06:46:00-05:00,2022-06-28T23:31:00-05:00
Low,6/28/2022,44.4,44.4,38.9,0,0,,0,0,0.01,28.3,37,28.3
Low Datetime,6/28/2022,2022-06-28T23:46:00-05:00,2022-06-28T23:46:00-05:00,2022-06-28T20:01:00-05:00,2022-06-28T06:01:00-05:00,2022-06-28T06:16:00-05:00,,2022-06-28T01:01:00-05:00,2022-06-28T01:01:00-05:00,2022-06-28T18:01:00-05:00,2022-06-28T02:16:00-05:00,2022-06-28T17:01:00-05:00,2022-06-28T02:16:00-05:00
Average,6/29/2022,53.9,53.9,45.8,1.1,5.4,NW,0,0.02,0.03,28.36,77,28.36
High,6/29/2022,67.6,67.6,58.3,3.6,15.4,,0.06,0.06,0.06,28.47,100,28.47
High Datetime,6/29/2022,2022-06-29T12:31:00-05:00,2022-06-29T12:31:00-05:00,2022-06-29T23:46:00-05:00,2022-06-29T19:31:00-05:00,2022-06-29T19:31:00-05:00,,2022-06-29T14:31:00-05:00,2022-06-29T17:16:00-05:00,2022-06-29T17:01:00-05:00,2022-06-29T07:46:00-05:00,2022-06-29T06:31:00-05:00,2022-06-29T07:46:00-05:00
Low,6/29/2022,37.4,37.4,32.6,0,0,,0,0,0,28.07,35,28.07
Low Datetime,6/29/2022,2022-06-29T05:46:00-05:00,2022-06-29T05:46:00-05:00,2022-06-29T08:16:00-05:00,2022-06-29T01:01:00-05:00,2022-06-29T01:01:00-05:00,,2022-06-29T01:01:00-05:00,2022-06-29T01:01:00-05:00,2022-06-29T10:01:00-05:00,2022-06-29T23:46:00-05:00,2022-06-29T09:01:00-05:00,2022-06-29T23:46:00-05:00
Average,6/30/2022,68.5,68.4,55.9,4.7,13.4,WNW,0,0,0.04,28.05,67,28.05
High,6/30/2022,81.5,80.8,62,10.7,29.1,,0.06,0.02,0.06,28.22,94,28.22
High Datetime,6/30/2022,2022-06-30T13:46:00-05:00,2022-06-30T13:46:00-05:00,2022-06-30T11:01:00-05:00,2022-06-30T14:01:00-05:00,2022-06-30T14:01:00-05:00,,2022-06-30T19:01:00-05:00,2022-06-30T18:31:00-05:00,2022-06-30T01:01:00-05:00,2022-06-30T23:01:00-05:00,2022-06-30T03:46:00-05:00,2022-06-30T23:01:00-05:00
Low,6/30/2022,57,57,25.5,0,2.5,,0,0,0,27.98,21,27.98
Low Datetime,6/30/2022,2022-06-30T23:31:00-05:00,2022-06-30T23:31:00-05:00,2022-06-30T08:16:00-05:00,2022-06-30T03:16:00-05:00,2022-06-30T04:46:00-05:00,,2022-06-30T01:01:00-05:00,2022-06-30T01:01:00-05:00,2022-06-30T17:16:00-05:00,2022-06-30T06:16:00-05:00,2022-06-30T08:16:00-05:00,2022-06-30T06:16:00-05:00
Average,7/1/2022,60,59.5,44.7,3.3,9.3,N,0,0,0.02,28.22,61,28.22
High,7/1/2022,72.7,71.4,51.9,9.2,23.5,,0,0,0.02,28.27,100,28.27
High Datetime,7/1/2022,2022-07-01T17:01:00-05:00,2022-07-01T13:16:00-05:00,2022-07-01T12:31:00-05:00,2022-07-01T16:46:00-05:00,2022-07-01T15:31:00-05:00,,2022-07-01T01:01:00-05:00,2022-07-01T01:01:00-05:00,2022-07-01T01:01:00-05:00,2022-07-01T07:01:00-05:00,2022-07-01T06:31:00-05:00,2022-07-01T07:01:00-05:00
Low,7/1/2022,41.4,41.4,20.6,0,0,,0,0,0,28.18,0,28.18
Low Datetime,7/1/2022,2022-07-01T05:31:00-05:00,2022-07-01T05:31:00-05:00,2022-07-01T13:46:00-05:00,2022-07-01T01:01:00-05:00,2022-07-01T01:01:00-05:00,,2022-07-01T01:01:00-05:00,2022-07-01T01:01:00-05:00,2022-07-01T19:16:00-05:00,2022-07-01T12:01:00-05:00,2022-07-01T13:16:00-05:00,2022-07-01T12:01:00-05:00
Average,7/2/2022,57.7,57.3,43,1.9,5.8,WNW,0,0,0,28.33,61,28.33
High,7/2/2022,72.1,70.8,47.4,5.6,15,,0,0,0,28.38,97,28.38
High Datetime,7/2/2022,2022-07-02T15:46:00-05:00,2022-07-02T15:46:00-05:00,2022-07-02T20:46:00-05:00,2022-07-02T15:46:00-05:00,2022-07-02T13:31:00-05:00,,2022-07-02T01:01:00-05:00,2022-07-02T01:01:00-05:00,2022-07-02T01:01:00-05:00,2022-07-02T23:01:00-05:00,2022-07-02T06:01:00-05:00,2022-07-02T23:01:00-05:00
Low,7/2/2022,41.9,41.9,37.4,0,0,,0,0,0,28.27,0,28.27
Low Datetime,7/2/2022,2022-07-02T05:46:00-05:00,2022-07-02T05:46:00-05:00,2022-07-02T21:01:00-05:00,2022-07-02T01:01:00-05:00,2022-07-02T01:01:00-05:00,,2022-07-02T01:01:00-05:00,2022-07-02T01:01:00-05:00,2022-07-02T01:01:00-05:00,2022-07-02T01:01:00-05:00,2022-07-02T19:46:00-05:00,2022-07-02T01:01:00-05:00
Average,7/3/2022,60.7,60.5,48.7,0.9,3.9,N,0,0,0,28.38,69,28.38
High,7/3/2022,79.2,78.8,58.1,4,14.1,,0,0,0,28.43,99,28.43
High Datetime,7/3/2022,2022-07-03T14:46:00-05:00,2022-07-03T14:46:00-05:00,2022-07-03T19:01:00-05:00,2022-07-03T14:46:00-05:00,2022-07-03T18:46:00-05:00,,2022-07-03T01:01:00-05:00,2022-07-03T01:01:00-05:00,2022-07-03T01:01:00-05:00,2022-07-03T06:46:00-05:00,2022-07-03T05:46:00-05:00,2022-07-03T06:46:00-05:00
Low,7/3/2022,40.6,40.6,25.3,0,0,,0,0,0,28.34,15,28.34
Low Datetime,7/3/2022,2022-07-03T05:16:00-05:00,2022-07-03T05:16:00-05:00,2022-07-03T14:16:00-05:00,2022-07-03T01:01:00-05:00,2022-07-03T01:01:00-05:00,,2022-07-03T01:01:00-05:00,2022-07-03T01:01:00-05:00,2022-07-03T01:01:00-05:00,2022-07-03T17:46:00-05:00,2022-07-03T14:16:00-05:00,2022-07-03T17:46:00-05:00
Average,7/4/2022,61,61,59.6,0.6,4.7,N,0.03,0.36,0.37,28.25,95,28.25
High,7/4/2022,65.1,65.1,63.3,2.2,11.9,,0.38,0.83,0.83,28.34,100,28.34
High Datetime,7/4/2022,2022-07-04T16:01:00-05:00,2022-07-04T16:01:00-05:00,2022-07-04T16:01:00-05:00,2022-07-04T13:31:00-05:00,2022-07-04T13:31:00-05:00,,2022-07-04T12:46:00-05:00,2022-07-04T22:46:00-05:00,2022-07-04T22:31:00-05:00,2022-07-04T01:01:00-05:00,2022-07-04T08:01:00-05:00,2022-07-04T01:01:00-05:00
Low,7/4/2022,54.1,54.1,52,0,0,,0,0,0,28.2,86,28.2
Low Datetime,7/4/2022,2022-07-04T01:01:00-05:00,2022-07-04T01:01:00-05:00,2022-07-04T01:31:00-05:00,2022-07-04T01:01:00-05:00,2022-07-04T01:01:00-05:00,,2022-07-04T01:01:00-05:00,2022-07-04T01:01:00-05:00,2022-07-04T01:01:00-05:00,2022-07-04T15:46:00-05:00,2022-07-04T03:01:00-05:00,2022-07-04T15:46:00-05:00
Average,7/5/2022,62.9,62.9,61.2,0.7,3.8,N,0,0,0.47,28.26,94,28.26
High,7/5/2022,68.9,69.6,66.3,2.5,11,,0,0,0.83,28.37,100,28.37
High Datetime,7/5/2022,2022-07-05T15:01:00-05:00,2022-07-05T11:16:00-05:00,2022-07-05T11:16:00-05:00,2022-07-05T10:01:00-05:00,2022-07-05T17:01:00-05:00,,2022-07-05T01:01:00-05:00,2022-07-05T01:01:00-05:00,2022-07-05T01:01:00-05:00,2022-07-05T22:31:00-05:00,2022-07-05T01:01:00-05:00,2022-07-05T22:31:00-05:00
Low,7/5/2022,55.4,55.4,55.4,0,0,,0,0,0,28.2,82,28.2
Low Datetime,7/5/2022,2022-07-05T23:46:00-05:00,2022-07-05T23:46:00-05:00,2022-07-05T23:46:00-05:00,2022-07-05T01:01:00-05:00,2022-07-05T01:01:00-05:00,,2022-07-05T01:01:00-05:00,2022-07-05T01:01:00-05:00,2022-07-05T22:46:00-05:00,2022-07-05T03:46:00-05:00,2022-07-05T15:01:00-05:00,2022-07-05T03:46:00-05:00
Average,7/6/2022,60.9,60.6,51.4,0.8,4.7,N,0,0,0,28.4,74,28.4
High,7/6/2022,72.7,71.9,58.2,2.2,13.2,,0,0,0,28.44,100,28.44
High Datetime,7/6/2022,2022-07-06T16:31:00-05:00,2022-07-06T16:31:00-05:00,2022-07-06T08:46:00-05:00,2022-07-06T10:46:00-05:00,2022-07-06T14:31:00-05:00,,2022-07-06T01:01:00-05:00,2022-07-06T01:01:00-05:00,2022-07-06T01:01:00-05:00,2022-07-06T10:16:00-05:00,2022-07-06T01:01:00-05:00,2022-07-06T10:16:00-05:00
Low,7/6/2022,49.6,49.6,43.4,0,0,,0,0,0,28.36,46,28.36
Low Datetime,7/6/2022,2022-07-06T03:01:00-05:00,2022-07-06T03:01:00-05:00,2022-07-06T23:16:00-05:00,2022-07-06T01:01:00-05:00,2022-07-06T01:01:00-05:00,,2022-07-06T01:01:00-05:00,2022-07-06T01:01:00-05:00,2022-07-06T01:01:00-05:00,2022-07-06T18:16:00-05:00,2022-07-06T17:16:00-05:00,2022-07-06T18:16:00-05:00
Average,7/7/2022,65.4,65.5,55.2,1.4,5.9,N,0,0,0,28.33,68,28.33
High,7/7/2022,80.1,81.3,64.3,4,14.8,,0,0,0,28.43,92,28.43
High Datetime,7/7/2022,2022-07-07T14:31:00-05:00,2022-07-07T14:31:00-05:00,2022-07-07T11:46:00-05:00,2022-07-07T14:46:00-05:00,2022-07-07T13:01:00-05:00,,2022-07-07T01:01:00-05:00,2022-07-07T01:01:00-05:00,2022-07-07T01:01:00-05:00,2022-07-07T23:46:00-05:00,2022-07-07T23:01:00-05:00,2022-07-07T23:46:00-05:00
Low,7/7/2022,49.5,49.5,42,0,0,,0,0,0,28.29,0,28.29
Low Datetime,7/7/2022,2022-07-07T00:01:00-05:00,2022-07-07T00:01:00-05:00,2022-07-07T01:31:00-05:00,2022-07-07T01:46:00-05:00,2022-07-07T03:01:00-05:00,,2022-07-07T01:01:00-05:00,2022-07-07T01:01:00-05:00,2022-07-07T01:01:00-05:00,2022-07-07T08:16:00-05:00,2022-07-07T23:31:00-05:00,2022-07-07T08:16:00-05:00
Average,7/8/2022,65,64.8,52.1,0.6,4.1,N,0,0,0,29.47,48,28.5
High,7/8/2022,78.3,77.7,56,2,8.5,,0,0,0,30.31,99,28.55
High Datetime,7/8/2022,2022-07-08T14:46:00-05:00,2022-07-08T14:46:00-05:00,2022-07-08T09:01:00-05:00,2022-07-08T12:16:00-05:00,2022-07-08T12:16:00-05:00,,2022-07-08T01:01:00-05:00,2022-07-08T01:01:00-05:00,2022-07-08T01:01:00-05:00,2022-07-08T23:46:00-05:00,2022-07-08T05:46:00-05:00,2022-07-08T23:46:00-05:00
Low,7/8/2022,49.8,49.8,45.7,0,0,,0,0,0,28.43,0,28.43
Low Datetime,7/8/2022,2022-07-08T23:46:00-05:00,2022-07-08T23:46:00-05:00,2022-07-08T05:16:00-05:00,2022-07-08T01:01:00-05:00,2022-07-08T02:31:00-05:00,,2022-07-08T01:01:00-05:00,2022-07-08T01:01:00-05:00,2022-07-08T01:01:00-05:00,2022-07-08T00:01:00-05:00,2022-07-08T01:01:00-05:00,2022-07-08T00:01:00-05:00
Average,7/9/2022,63.8,63.4,48.6,0.5,3.2,N,0,0,0,30.21,63,28.5
High,7/9/2022,81.1,80,55.3,2.5,10.5,,0,0,0,30.34,99,28.56
High Datetime,7/9/2022,2022-07-09T14:46:00-05:00,2022-07-09T15:46:00-05:00,2022-07-09T08:31:00-05:00,2022-07-09T16:16:00-05:00,2022-07-09T13:31:00-05:00,,2022-07-09T01:01:00-05:00,2022-07-09T01:01:00-05:00,2022-07-09T01:01:00-05:00,2022-07-09T06:16:00-05:00,2022-07-09T04:46:00-05:00,2022-07-09T01:01:00-05:00
Low,7/9/2022,43,43,42.5,0,0,,0,0,0,30.09,31,28.38
Low Datetime,7/9/2022,2022-07-09T05:46:00-05:00,2022-07-09T05:46:00-05:00,2022-07-09T05:46:00-05:00,2022-07-09T01:01:00-05:00,2022-07-09T01:01:00-05:00,,2022-07-09T01:01:00-05:00,2022-07-09T01:01:00-05:00,2022-07-09T01:01:00-05:00,2022-07-09T17:16:00-05:00,2022-07-09T13:16:00-05:00,2022-07-09T23:46:00-05:00
Average,7/10/2022,70.3,70.8,64.1,3.2,10.1,N,0.01,0.08,0.08,29.88,81,28.21
High,7/10/2022,79.7,80.7,69.8,6.3,20.8,,0.41,0.19,0.19,30.09,96,28.38
High Datetime,7/10/2022,2022-07-10T11:01:00-05:00,2022-07-10T11:01:00-05:00,2022-07-10T15:01:00-05:00,2022-07-10T15:16:00-05:00,2022-07-10T09:16:00-05:00,,2022-07-10T13:16:00-05:00,2022-07-10T15:01:00-05:00,2022-07-10T14:46:00-05:00,2022-07-10T01:01:00-05:00,2022-07-10T14:01:00-05:00,2022-07-10T01:01:00-05:00
Low,7/10/2022,60.8,60.8,51.7,0.2,3.6,,0,0,0,29.71,68,28.05
Low Datetime,7/10/2022,2022-07-10T01:01:00-05:00,2022-07-10T01:01:00-05:00,2022-07-10T00:01:00-05:00,2022-07-10T00:31:00-05:00,2022-07-10T14:01:00-05:00,,2022-07-10T01:01:00-05:00,2022-07-10T01:01:00-05:00,2022-07-10T01:01:00-05:00,2022-07-10T14:31:00-05:00,2022-07-10T12:01:00-05:00,2022-07-10T14:31:00-05:00
Average,7/11/2022,65.5,65.5,61.2,2.7,8.4,N,0,0.02,0.13,29.72,86,28.04
High,7/11/2022,73.6,73.2,64.8,4.7,14.1,,0.06,0.04,0.23,29.79,99,28.1
High Datetime,7/11/2022,2022-07-11T14:17:00-05:00,2022-07-11T14:17:00-05:00,2022-07-11T01:31:00-05:00,2022-07-11T10:46:00-05:00,2022-07-11T17:01:00-05:00,,2022-07-11T11:31:00-05:00,2022-07-11T12:17:00-05:00,2022-07-11T12:01:00-05:00,2022-07-11T21:47:00-05:00,2022-07-11T04:46:00-05:00,2022-07-11T21:47:00-05:00
Low,7/11/2022,59.5,59.5,56.2,0.2,2.5,,0,0,0.04,29.66,55,28.01
Low Datetime,7/11/2022,2022-07-11T23:47:00-05:00,2022-07-11T23:47:00-05:00,2022-07-11T14:32:00-05:00,2022-07-11T12:01:00-05:00,2022-07-11T12:01:00-05:00,,2022-07-11T01:02:00-05:00,2022-07-11T01:02:00-05:00,2022-07-11T15:02:00-05:00,2022-07-11T13:32:00-05:00,2022-07-11T14:17:00-05:00,2022-07-11T13:02:00-05:00
Average,7/12/2022,62,62,58,1.6,5.3,N,0.01,0.09,0.11,29.87,87,28.17
High,7/12/2022,74.1,74.1,63.4,4.3,12.3,,0.47,0.21,0.21,30.01,99,28.28
High Datetime,7/12/2022,2022-07-12T11:47:00-05:00,2022-07-12T11:47:00-05:00,2022-07-12T13:32:00-05:00,2022-07-12T11:47:00-05:00,2022-07-12T12:32:00-05:00,,2022-07-12T12:47:00-05:00,2022-07-12T15:17:00-05:00,2022-07-12T15:02:00-05:00,2022-07-12T23:47:00-05:00,2022-07-12T04:32:00-05:00,2022-07-12T23:47:00-05:00
Low,7/12/2022,54,54,53.4,0,0,,0,0,0,29.79,62,28.09
Low Datetime,7/12/2022,2022-07-12T06:32:00-05:00,2022-07-12T06:32:00-05:00,2022-07-12T06:32:00-05:00,2022-07-12T06:32:00-05:00,2022-07-12T20:02:00-05:00,,2022-07-12T01:02:00-05:00,2022-07-12T01:02:00-05:00,2022-07-12T12:02:00-05:00,2022-07-12T00:01:00-05:00,2022-07-12T11:47:00-05:00,2022-07-12T00:01:00-05:00
Average,7/13/2022,60.1,59.9,51.3,0.4,3,N,0,0,0.12,30.11,76,28.39
High,7/13/2022,75,74.2,56.1,1.8,7.8,,0,0,0.21,30.21,100,28.45
High Datetime,7/13/2022,2022-07-13T15:32:00-05:00,2022-07-13T15:32:00-05:00,2022-07-13T18:02:00-05:00,2022-07-13T14:32:00-05:00,2022-07-13T09:32:00-05:00,,2022-07-13T01:02:00-05:00,2022-07-13T01:02:00-05:00,2022-07-13T01:02:00-05:00,2022-07-13T23:32:00-05:00,2022-07-13T04:02:00-05:00,2022-07-13T22:17:00-05:00
Low,7/13/2022,48.4,48.4,44.9,0,0,,0,0,0,30.02,40,28.29
Low Datetime,7/13/2022,2022-07-13T23:47:00-05:00,2022-07-13T23:47:00-05:00,2022-07-13T23:32:00-05:00,2022-07-13T01:02:00-05:00,2022-07-13T03:32:00-05:00,,2022-07-13T01:02:00-05:00,2022-07-13T01:02:00-05:00,2022-07-13T15:17:00-05:00,2022-07-13T00:02:00-05:00,2022-07-13T15:17:00-05:00,2022-07-13T00:02:00-05:00
Average,7/14/2022,61,60.6,48.4,0.5,3.7,N,0,0,0,30.15,67,28.43
High,7/14/2022,75.6,74.5,59.7,2.7,11.4,,0,0,0,30.27,99,28.49
High Datetime,7/14/2022,2022-07-14T15:32:00-05:00,2022-07-14T15:32:00-05:00,2022-07-14T19:17:00-05:00,2022-07-14T12:02:00-05:00,2022-07-14T13:32:00-05:00,,2022-07-14T01:02:00-05:00,2022-07-14T01:02:00-05:00,2022-07-14T01:02:00-05:00,2022-07-14T06:02:00-05:00,2022-07-14T05:32:00-05:00,2022-07-14T06:02:00-05:00
Low,7/14/2022,43,43,42.4,0,0,,0,0,0,30.06,34,28.38
Low Datetime,7/14/2022,2022-07-14T05:17:00-05:00,2022-07-14T05:17:00-05:00,2022-07-14T04:47:00-05:00,2022-07-14T01:02:00-05:00,2022-07-14T01:02:00-05:00,,2022-07-14T01:02:00-05:00,2022-07-14T01:02:00-05:00,2022-07-14T01:02:00-05:00,2022-07-14T17:17:00-05:00,2022-07-14T15:17:00-05:00,2022-07-14T19:32:00-05:00
Average,7/15/2022,70.2,70.4,57.4,0.8,3.6,N,0,0,0,30.02,66,28.34
High,7/15/2022,86.2,86.3,63.2,3.4,10.5,,0,0,0,30.12,97,28.39
High Datetime,7/15/2022,2022-07-15T15:47:00-05:00,2022-07-15T15:47:00-05:00,2022-07-15T20:32:00-05:00,2022-07-15T16:47:00-05:00,2022-07-15T16:17:00-05:00,,2022-07-15T01:02:00-05:00,2022-07-15T01:02:00-05:00,2022-07-15T01:02:00-05:00,2022-07-15T02:02:00-05:00,2022-07-15T23:47:00-05:00,2022-07-15T02:02:00-05:00
Low,7/15/2022,55.2,55.2,45.2,0,0,,0,0,0,29.93,42,28.3
Low Datetime,7/15/2022,2022-07-15T04:17:00-05:00,2022-07-15T04:17:00-05:00,2022-07-15T00:02:00-05:00,2022-07-15T01:02:00-05:00,2022-07-15T02:17:00-05:00,,2022-07-15T01:02:00-05:00,2022-07-15T01:02:00-05:00,2022-07-15T01:02:00-05:00,2022-07-15T16:17:00-05:00,2022-07-15T16:17:00-05:00,2022-07-15T16:17:00-05:00
Average,7/16/2022,70.3,70.6,61.3,0.4,1.9,N,0,0,0,29.99,76,28.31
High,7/16/2022,85.6,84.6,66.8,2.2,7.6,,0,0,0,30.08,99,28.36
High Datetime,7/16/2022,2022-07-16T16:32:00-05:00,2022-07-16T16:32:00-05:00,2022-07-16T10:02:00-05:00,2022-07-16T15:02:00-05:00,2022-07-16T15:47:00-05:00,,2022-07-16T01:02:00-05:00,2022-07-16T01:02:00-05:00,2022-07-16T01:02:00-05:00,2022-07-16T01:17:00-05:00,2022-07-16T01:17:00-05:00,2022-07-16T01:17:00-05:00
Low,7/16/2022,55,55,54.7,0,0,,0,0,0,29.9,36,28.26
Low Datetime,7/16/2022,2022-07-16T05:17:00-05:00,2022-07-16T05:17:00-05:00,2022-07-16T05:17:00-05:00,2022-07-16T01:02:00-05:00,2022-07-16T01:02:00-05:00,,2022-07-16T01:02:00-05:00,2022-07-16T01:02:00-05:00,2022-07-16T01:02:00-05:00,2022-07-16T16:32:00-05:00,2022-07-16T15:32:00-05:00,2022-07-16T17:17:00-05:00
Average,7/17/2022,75,75.6,63.4,1.2,4.7,N,0,0,0,29.89,71,28.23
High,7/17/2022,87.6,88.6,66.9,4.3,13,,0,0,0,29.99,99,28.3
High Datetime,7/17/2022,2022-07-17T13:32:00-05:00,2022-07-17T15:47:00-05:00,2022-07-17T09:17:00-05:00,2022-07-17T16:47:00-05:00,2022-07-17T16:32:00-05:00,,2022-07-17T01:02:00-05:00,2022-07-17T01:02:00-05:00,2022-07-17T01:02:00-05:00,2022-07-17T05:47:00-05:00,2022-07-17T03:47:00-05:00,2022-07-17T00:02:00-05:00
Low,7/17/2022,59.5,59.5,58.6,0,0,,0,0,0,29.79,38,28.17
Low Datetime,7/17/2022,2022-07-17T05:32:00-05:00,2022-07-17T05:32:00-05:00,2022-07-17T13:02:00-05:00,2022-07-17T01:02:00-05:00,2022-07-17T01:02:00-05:00,,2022-07-17T01:02:00-05:00,2022-07-17T01:02:00-05:00,2022-07-17T01:02:00-05:00,2022-07-17T18:32:00-05:00,2022-07-17T13:17:00-05:00,2022-07-17T18:32:00-05:00
Average,7/18/2022,72.8,74.1,66.9,1.2,4.9,N,0.01,0.13,0.13,29.78,83,28.13
High,7/18/2022,85.8,90.2,71.8,4.9,22.4,,0.38,0.15,0.15,29.96,99,28.26
High Datetime,7/18/2022,2022-07-18T18:32:00-05:00,2022-07-18T18:02:00-05:00,2022-07-18T20:02:00-05:00,2022-07-18T02:32:00-05:00,2022-07-18T02:32:00-05:00,,2022-07-18T02:47:00-05:00,2022-07-18T03:17:00-05:00,2022-07-18T03:02:00-05:00,2022-07-18T02:47:00-05:00,2022-07-18T23:47:00-05:00,2022-07-18T02:47:00-05:00
Low,7/18/2022,60.4,60.4,59.8,0,0,,0,0,0,29.68,53,28.04
Low Datetime,7/18/2022,2022-07-18T06:17:00-05:00,2022-07-18T06:17:00-05:00,2022-07-18T06:17:00-05:00,2022-07-18T01:47:00-05:00,2022-07-18T19:32:00-05:00,,2022-07-18T01:17:00-05:00,2022-07-18T01:17:00-05:00,2022-07-18T01:17:00-05:00,2022-07-18T18:17:00-05:00,2022-07-18T18:32:00-05:00,2022-07-18T22:47:00-05:00
Average,7/19/2022,72.5,73.7,68.3,1.2,6.2,N,0,0.01,0.03,29.54,87,27.89
High,7/19/2022,83.3,87.9,71.4,7.6,22.4,,0.06,0.03,0.15,29.71,99,28.05
High Datetime,7/19/2022,2022-07-19T12:47:00-05:00,2022-07-19T12:47:00-05:00,2022-07-19T15:47:00-05:00,2022-07-19T19:47:00-05:00,2022-07-19T19:47:00-05:00,,2022-07-19T15:02:00-05:00,2022-07-19T20:02:00-05:00,2022-07-19T01:02:00-05:00,2022-07-19T00:17:00-05:00,2022-07-19T01:17:00-05:00,2022-07-19T00:17:00-05:00
Low,7/19/2022,61.7,61.7,60.8,0,0,,0,0,0,29.4,64,27.76
Low Datetime,7/19/2022,2022-07-19T23:47:00-05:00,2022-07-19T23:47:00-05:00,2022-07-19T23:47:00-05:00,2022-07-19T01:02:00-05:00,2022-07-19T01:02:00-05:00,,2022-07-19T01:02:00-05:00,2022-07-19T01:02:00-05:00,2022-07-19T03:17:00-05:00,2022-07-19T17:32:00-05:00,2022-07-19T13:02:00-05:00,2022-07-19T18:32:00-05:00
Average,7/20/2022,66.1,66.1,60.9,2.5,8.3,N,0,0.02,0.05,29.51,85,27.85
High,7/20/2022,78.8,79.1,67.2,6.7,20.1,,0.03,0.04,0.07,29.65,100,27.97
High Datetime,7/20/2022,2022-07-20T16:47:00-05:00,2022-07-20T16:47:00-05:00,2022-07-20T14:47:00-05:00,2022-07-20T17:02:00-05:00,2022-07-20T16:47:00-05:00,,2022-07-20T07:17:00-05:00,2022-07-20T14:02:00-05:00,2022-07-20T13:32:00-05:00,2022-07-20T21:32:00-05:00,2022-07-20T08:02:00-05:00,2022-07-20T21:32:00-05:00
Low,7/20/2022,56.5,56.5,55.9,0,0,,0,0,0.03,29.42,52,27.75
Low Datetime,7/20/2022,2022-07-20T05:47:00-05:00,2022-07-20T05:47:00-05:00,2022-07-20T05:17:00-05:00,2022-07-20T01:02:00-05:00,2022-07-20T01:02:00-05:00,,2022-07-20T01:02:00-05:00,2022-07-20T01:02:00-05:00,2022-07-20T01:02:00-05:00,2022-07-20T01:17:00-05:00,2022-07-20T18:17:00-05:00,2022-07-20T01:17:00-05:00
Average,7/21/2022,68.6,68.4,55.4,3.1,9.3,N,0,0,0.02,29.7,65,28.04
High,7/21/2022,79,78.5,59.9,7.4,22.1,,0,0,0.04,29.78,99,28.09
High Datetime,7/21/2022,2022-07-21T15:47:00-05:00,2022-07-21T14:32:00-05:00,2022-07-21T08:47:00-05:00,2022-07-21T15:32:00-05:00,2022-07-21T16:02:00-05:00,,2022-07-21T01:02:00-05:00,2022-07-21T01:02:00-05:00,2022-07-21T01:02:00-05:00,2022-07-21T23:32:00-05:00,2022-07-21T05:32:00-05:00,2022-07-21T22:32:00-05:00
Low,7/21/2022,53.8,53.8,51.4,0,0,,0,0,0,29.64,39,27.97
Low Datetime,7/21/2022,2022-07-21T05:32:00-05:00,2022-07-21T05:32:00-05:00,2022-07-21T17:02:00-05:00,2022-07-21T03:47:00-05:00,2022-07-21T04:02:00-05:00,,2022-07-21T01:02:00-05:00,2022-07-21T01:02:00-05:00,2022-07-21T13:47:00-05:00,2022-07-21T00:32:00-05:00,2022-07-21T15:47:00-05:00,2022-07-21T00:32:00-05:00
Average,7/22/2022,68.6,68.6,57.7,2.9,8.7,N,0,0.03,0.03,29.76,71,28.1
High,7/22/2022,81.5,81.8,62,7.6,25.5,,0.03,0.04,0.04,29.88,100,28.17
High Datetime,7/22/2022,2022-07-22T16:17:00-05:00,2022-07-22T16:17:00-05:00,2022-07-22T08:47:00-05:00,2022-07-22T13:47:00-05:00,2022-07-22T15:17:00-05:00,,2022-07-22T02:17:00-05:00,2022-07-22T08:47:00-05:00,2022-07-22T08:32:00-05:00,2022-07-22T23:32:00-05:00,2022-07-22T06:17:00-05:00,2022-07-22T23:02:00-05:00
Low,7/22/2022,52.9,52.9,52.6,0,0,,0,0,0,29.71,45,28.07
Low Datetime,7/22/2022,2022-07-22T05:47:00-05:00,2022-07-22T05:47:00-05:00,2022-07-22T05:47:00-05:00,2022-07-22T01:17:00-05:00,2022-07-22T03:47:00-05:00,,2022-07-22T01:02:00-05:00,2022-07-22T01:02:00-05:00,2022-07-22T01:02:00-05:00,2022-07-22T13:17:00-05:00,2022-07-22T16:47:00-05:00,2022-07-22T01:02:00-05:00
Average,7/23/2022,63.2,63.2,58.7,0.6,3,N,0,0,0.01,29.84,86,28.15
High,7/23/2022,73,73.3,62.9,4.7,12.1,,0.03,0.01,0.04,29.95,100,28.24
High Datetime,7/23/2022,2022-07-23T13:02:00-05:00,2022-07-23T13:47:00-05:00,2022-07-23T19:47:00-05:00,2022-07-23T05:47:00-05:00,2022-07-23T05:47:00-05:00,,2022-07-23T18:02:00-05:00,2022-07-23T18:17:00-05:00,2022-07-23T01:02:00-05:00,2022-07-23T05:32:00-05:00,2022-07-23T04:47:00-05:00,2022-07-23T05:47:00-05:00
Low,7/23/2022,52.7,52.7,52.4,0,0,,0,0,0,29.77,65,28.1
Low Datetime,7/23/2022,2022-07-23T03:32:00-05:00,2022-07-23T03:32:00-05:00,2022-07-23T03:32:00-05:00,2022-07-23T01:02:00-05:00,2022-07-23T01:02:00-05:00,,2022-07-23T01:02:00-05:00,2022-07-23T01:02:00-05:00,2022-07-23T08:47:00-05:00,2022-07-23T16:17:00-05:00,2022-07-23T12:17:00-05:00,2022-07-23T16:17:00-05:00
Average,7/24/2022,58.5,58.5,52.8,2.9,9.6,N,0,0.03,0.04,29.9,81,28.2
High,7/24/2022,64.2,64.2,59.5,6.7,19.7,,0.16,0.06,0.07,30.05,100,28.31
High Datetime,7/24/2022,2022-07-24T12:32:00-05:00,2022-07-24T12:32:00-05:00,2022-07-24T01:32:00-05:00,2022-07-24T14:32:00-05:00,2022-07-24T12:32:00-05:00,,2022-07-24T11:17:00-05:00,2022-07-24T12:02:00-05:00,2022-07-24T11:17:00-05:00,2022-07-24T22:02:00-05:00,2022-07-24T01:02:00-05:00,2022-07-24T22:02:00-05:00
Low,7/24/2022,50.4,50.4,37.5,0,0,,0,0,0.01,29.8,0,28.1
Low Datetime,7/24/2022,2022-07-24T22:17:00-05:00,2022-07-24T22:17:00-05:00,2022-07-24T22:32:00-05:00,2022-07-24T01:02:00-05:00,2022-07-24T01:02:00-05:00,,2022-07-24T01:02:00-05:00,2022-07-24T01:02:00-05:00,2022-07-24T01:02:00-05:00,2022-07-24T01:17:00-05:00,2022-07-24T22:47:00-05:00,2022-07-24T01:17:00-05:00
Average,7/25/2022,61.2,60.8,49.4,2.2,6.6,N,0,0,0.03,30.02,69,28.31
High,7/25/2022,75,74,53.3,4.7,14.5,,0,0,0.06,30.08,98,28.34
High Datetime,7/25/2022,2022-07-25T14:17:00-05:00,2022-07-25T14:17:00-05:00,2022-07-25T09:47:00-05:00,2022-07-25T12:02:00-05:00,2022-07-25T15:17:00-05:00,,2022-07-25T01:02:00-05:00,2022-07-25T01:02:00-05:00,2022-07-25T01:02:00-05:00,2022-07-25T06:47:00-05:00,2022-07-25T06:47:00-05:00,2022-07-25T08:02:00-05:00
Low,7/25/2022,48,48,45.9,0,0,,0,0,0,29.94,38,28.27
Low Datetime,7/25/2022,2022-07-25T04:32:00-05:00,2022-07-25T04:32:00-05:00,2022-07-25T15:17:00-05:00,2022-07-25T01:02:00-05:00,2022-07-25T21:02:00-05:00,,2022-07-25T01:02:00-05:00,2022-07-25T01:02:00-05:00,2022-07-25T11:32:00-05:00,2022-07-25T18:17:00-05:00,2022-07-25T15:17:00-05:00,2022-07-25T23:02:00-05:00
Average,7/26/2022,59.8,59.8,57.6,1.7,6.1,N,0.01,0.12,0.13,29.88,92,28.18
High,7/26/2022,71.2,71.9,66.1,5.1,16.3,,0.28,0.26,0.26,30.02,100,28.27
High Datetime,7/26/2022,2022-07-26T15:17:00-05:00,2022-07-26T15:17:00-05:00,2022-07-26T15:02:00-05:00,2022-07-26T09:47:00-05:00,2022-07-26T10:02:00-05:00,,2022-07-26T11:17:00-05:00,2022-07-26T17:47:00-05:00,2022-07-26T17:17:00-05:00,2022-07-26T00:02:00-05:00,2022-07-26T22:17:00-05:00,2022-07-26T00:02:00-05:00
Low,7/26/2022,47.1,47.1,46.6,0,0,,0,0,0,29.78,74,28.1
Low Datetime,7/26/2022,2022-07-26T01:17:00-05:00,2022-07-26T01:17:00-05:00,2022-07-26T01:17:00-05:00,2022-07-26T01:02:00-05:00,2022-07-26T01:02:00-05:00,,2022-07-26T01:02:00-05:00,2022-07-26T01:02:00-05:00,2022-07-26T01:02:00-05:00,2022-07-26T16:02:00-05:00,2022-07-26T10:02:00-05:00,2022-07-26T16:32:00-05:00
Average,7/27/2022,61.3,61.2,55.2,1.9,6.2,N,0,0.03,0.17,29.78,83,28.09
High,7/27/2022,74.7,74.1,60.4,6.5,19,,0.22,0.1,0.26,29.84,100,28.13
High Datetime,7/27/2022,2022-07-27T15:02:00-05:00,2022-07-27T15:02:00-05:00,2022-07-27T09:47:00-05:00,2022-07-27T17:17:00-05:00,2022-07-27T18:17:00-05:00,,2022-07-27T18:32:00-05:00,2022-07-27T19:02:00-05:00,2022-07-27T01:02:00-05:00,2022-07-27T01:02:00-05:00,2022-07-27T01:02:00-05:00,2022-07-27T00:02:00-05:00
Low,7/27/2022,50,50,50,0,0,,0,0,0.03,29.69,48,28.04
Low Datetime,7/27/2022,2022-07-27T05:02:00-05:00,2022-07-27T05:02:00-05:00,2022-07-27T05:02:00-05:00,2022-07-27T01:02:00-05:00,2022-07-27T01:02:00-05:00,,2022-07-27T01:02:00-05:00,2022-07-27T01:02:00-05:00,2022-07-27T17:32:00-05:00,2022-07-27T14:32:00-05:00,2022-07-27T15:17:00-05:00,2022-07-27T14:32:00-05:00
Average,7/28/2022,58.5,58.5,54.7,2.8,9.2,N,0,0.04,0.11,29.87,87,28.17
High,7/28/2022,67.1,67.1,59.5,5.4,19.9,,0.22,0.11,0.18,29.98,98,28.25
High Datetime,7/28/2022,2022-07-28T15:32:00-05:00,2022-07-28T15:32:00-05:00,2022-07-28T17:32:00-05:00,2022-07-28T14:02:00-05:00,2022-07-28T11:17:00-05:00,,2022-07-28T17:02:00-05:00,2022-07-28T18:17:00-05:00,2022-07-28T18:02:00-05:00,2022-07-28T22:17:00-05:00,2022-07-28T23:17:00-05:00,2022-07-28T22:17:00-05:00
Low,7/28/2022,52.3,52.3,51.5,0,0,,0,0,0.09,29.82,67,28.11
Low Datetime,7/28/2022,2022-07-28T22:47:00-05:00,2022-07-28T22:47:00-05:00,2022-07-28T22:47:00-05:00,2022-07-28T21:47:00-05:00,2022-07-28T22:02:00-05:00,,2022-07-28T01:02:00-05:00,2022-07-28T01:02:00-05:00,2022-07-28T13:17:00-05:00,2022-07-28T01:02:00-05:00,2022-07-28T14:17:00-05:00,2022-07-28T01:02:00-05:00
Average,7/29/2022,60.7,60.6,53.8,1.6,6,N,0,0,0.07,30.04,80,28.33
High,7/29/2022,72.7,72.3,58.4,4,14.5,,0,0,0.11,30.1,100,28.37
High Datetime,7/29/2022,2022-07-29T16:32:00-05:00,2022-07-29T16:32:00-05:00,2022-07-29T20:17:00-05:00,2022-07-29T11:17:00-05:00,2022-07-29T10:02:00-05:00,,2022-07-29T01:02:00-05:00,2022-07-29T01:02:00-05:00,2022-07-29T01:02:00-05:00,2022-07-29T22:17:00-05:00,2022-07-29T02:02:00-05:00,2022-07-29T22:02:00-05:00
Low,7/29/2022,49.5,49.5,49.5,0,0,,0,0,0,29.98,55,28.25
Low Datetime,7/29/2022,2022-07-29T04:47:00-05:00,2022-07-29T04:47:00-05:00,2022-07-29T04:47:00-05:00,2022-07-29T02:32:00-05:00,2022-07-29T20:32:00-05:00,,2022-07-29T01:02:00-05:00,2022-07-29T01:02:00-05:00,2022-07-29T18:17:00-05:00,2022-07-29T00:02:00-05:00,2022-07-29T13:47:00-05:00,2022-07-29T00:02:00-05:00
Average,7/30/2022,67.2,67.2,56.5,1.7,5.8,N,0,0,0,30.03,72,28.34
High,7/30/2022,82.4,82,63.2,4.9,14.5,,0,0,0,30.15,100,28.41
High Datetime,7/30/2022,2022-07-30T15:47:00-05:00,2022-07-30T15:47:00-05:00,2022-07-30T23:47:00-05:00,2022-07-30T11:17:00-05:00,2022-07-30T15:17:00-05:00,,2022-07-30T01:02:00-05:00,2022-07-30T01:02:00-05:00,2022-07-30T01:02:00-05:00,2022-07-30T05:32:00-05:00,2022-07-30T04:17:00-05:00,2022-07-30T07:17:00-05:00
Low,7/30/2022,48.4,48.4,48.1,0,0,,0,0,0,29.93,42,28.27
Low Datetime,7/30/2022,2022-07-30T03:47:00-05:00,2022-07-30T03:47:00-05:00,2022-07-30T03:47:00-05:00,2022-07-30T01:02:00-05:00,2022-07-30T01:02:00-05:00,,2022-07-30T01:02:00-05:00,2022-07-30T01:02:00-05:00,2022-07-30T01:02:00-05:00,2022-07-30T17:17:00-05:00,2022-07-30T14:47:00-05:00,2022-07-30T23:17:00-05:00
Average,7/31/2022,68.9,69,62,2.1,8.5,N,0.03,0.12,0.13,29.82,80,28.15
High,7/31/2022,78.6,78.7,66.7,5.8,17.4,,1.17,0.69,0.69,29.95,99,28.27
High Datetime,7/31/2022,2022-07-31T12:02:00-05:00,2022-07-31T12:02:00-05:00,2022-07-31T16:02:00-05:00,2022-07-31T12:32:00-05:00,2022-07-31T08:47:00-05:00,,2022-07-31T19:32:00-05:00,2022-07-31T22:02:00-05:00,2022-07-31T21:47:00-05:00,2022-07-31T01:02:00-05:00,2022-07-31T22:02:00-05:00,2022-07-31T01:02:00-05:00
Low,7/31/2022,61.3,61.3,59.2,0,2.2,,0,0,0,29.69,55,28.02
Low Datetime,7/31/2022,2022-07-31T23:47:00-05:00,2022-07-31T23:47:00-05:00,2022-07-31T08:17:00-05:00,2022-07-31T20:32:00-05:00,2022-07-31T20:32:00-05:00,,2022-07-31T01:02:00-05:00,2022-07-31T01:02:00-05:00,2022-07-31T01:02:00-05:00,2022-07-31T18:32:00-05:00,2022-07-31T11:32:00-05:00,2022-07-31T20:17:00-05:00
Average,8/1/2022,63.3,63.1,56.6,2.4,8.4,N,0,0.04,0.61,29.85,81,28.16
High,8/1/2022,72.5,71.8,64.2,4.5,19.2,,0.06,0.04,0.73,29.96,100,28.24
High Datetime,8/1/2022,2022-08-01T17:17:00-05:00,2022-08-01T17:17:00-05:00,2022-08-01T01:17:00-05:00,2022-08-01T09:17:00-05:00,2022-08-01T13:32:00-05:00,,2022-08-01T00:02:00-05:00,2022-08-01T05:47:00-05:00,2022-08-01T05:32:00-05:00,2022-08-01T22:32:00-05:00,2022-08-01T01:02:00-05:00,2022-08-01T21:17:00-05:00
Low,8/1/2022,56.7,56.7,52,0,0,,0,0,0.04,29.71,50,28.03
Low Datetime,8/1/2022,2022-08-01T07:32:00-05:00,2022-08-01T07:32:00-05:00,2022-08-01T17:47:00-05:00,2022-08-01T20:32:00-05:00,2022-08-01T20:32:00-05:00,,2022-08-01T01:02:00-05:00,2022-08-01T00:02:00-05:00,2022-08-01T22:02:00-05:00,2022-08-01T01:02:00-05:00,2022-08-01T16:17:00-05:00,2022-08-01T01:02:00-05:00
Average,8/2/2022,63.3,63.3,58.1,1,6.1,N,0.04,0.29,0.3,29.78,85,28.09
High,8/2/2022,78.8,78.9,63.9,7.2,27.3,,2.08,1.05,1.05,29.98,100,28.24
High Datetime,8/2/2022,2022-08-02T13:47:00-05:00,2022-08-02T13:47:00-05:00,2022-08-02T19:17:00-05:00,2022-08-02T17:02:00-05:00,2022-08-02T17:02:00-05:00,,2022-08-02T17:02:00-05:00,2022-08-02T18:32:00-05:00,2022-08-02T18:17:00-05:00,2022-08-02T03:02:00-05:00,2022-08-02T04:17:00-05:00,2022-08-02T03:02:00-05:00
Low,8/2/2022,51.1,51.1,50.8,0,0,,0,0,0,29.52,50,27.85
Low Datetime,8/2/2022,2022-08-02T03:17:00-05:00,2022-08-02T03:17:00-05:00,2022-08-02T03:17:00-05:00,2022-08-02T01:02:00-05:00,2022-08-02T01:02:00-05:00,,2022-08-02T01:02:00-05:00,2022-08-02T01:02:00-05:00,2022-08-02T05:47:00-05:00,2022-08-02T23:02:00-05:00,2022-08-02T13:32:00-05:00,2022-08-02T23:02:00-05:00
Average,8/3/2022,65.4,65.4,61.4,3.2,9.8,N,0,0.01,0.76,29.68,87,28.01
High,8/3/2022,72.3,72.9,66.1,7.6,22.4,,0.03,0.01,1.06,30,99,28.27
High Datetime,8/3/2022,2022-08-03T09:02:00-05:00,2022-08-03T09:02:00-05:00,2022-08-03T02:17:00-05:00,2022-08-03T11:17:00-05:00,2022-08-03T12:32:00-05:00,,2022-08-03T10:32:00-05:00,2022-08-03T12:02:00-05:00,2022-08-03T09:17:00-05:00,2022-08-03T23:02:00-05:00,2022-08-03T04:02:00-05:00,2022-08-03T23:02:00-05:00
Low,8/3/2022,53.4,53.4,53.1,0,0,,0,0,0.01,29.51,65,27.85
Low Datetime,8/3/2022,2022-08-03T23:47:00-05:00,2022-08-03T23:47:00-05:00,2022-08-03T23:47:00-05:00,2022-08-03T20:47:00-05:00,2022-08-03T21:47:00-05:00,,2022-08-03T01:02:00-05:00,2022-08-03T01:02:00-05:00,2022-08-03T18:32:00-05:00,2022-08-03T00:17:00-05:00,2022-08-03T12:47:00-05:00,2022-08-03T00:02:00-05:00
Average,8/4/2022,62.6,62.4,52.8,0.6,3.4,N,0,0.01,0.01,30.05,74,28.34
High,8/4/2022,77.7,77.4,59.1,3.1,8.5,,0.03,0.01,0.02,30.11,100,28.38
High Datetime,8/4/2022,2022-08-04T16:32:00-05:00,2022-08-04T17:17:00-05:00,2022-08-04T09:17:00-05:00,2022-08-04T17:32:00-05:00,2022-08-04T12:47:00-05:00,,2022-08-04T01:47:00-05:00,2022-08-04T02:02:00-05:00,2022-08-04T01:47:00-05:00,2022-08-04T06:17:00-05:00,2022-08-04T03:47:00-05:00,2022-08-04T09:47:00-05:00
Low,8/4/2022,45.5,45.5,45.5,0,0,,0,0,0.01,29.99,44,28.28
Low Datetime,8/4/2022,2022-08-04T06:02:00-05:00,2022-08-04T06:02:00-05:00,2022-08-04T06:02:00-05:00,2022-08-04T01:02:00-05:00,2022-08-04T01:02:00-05:00,,2022-08-04T01:02:00-05:00,2022-08-04T01:02:00-05:00,2022-08-04T01:02:00-05:00,2022-08-04T17:17:00-05:00,2022-08-04T16:47:00-05:00,2022-08-04T00:02:00-05:00
Average,8/5/2022,71.7,72.1,60.1,1.8,9.1,N,0.01,0,0,29.93,65,28.26
High,8/5/2022,84.6,85.7,67.1,4.5,15.9,,0.5,0.09,0.22,30.07,93,28.35
High Datetime,8/5/2022,2022-08-05T13:32:00-05:00,2022-08-05T13:32:00-05:00,2022-08-05T17:17:00-05:00,2022-08-05T09:02:00-05:00,2022-08-05T10:17:00-05:00,,2022-08-05T23:47:00-05:00,2022-08-05T23:47:00-05:00,2022-08-05T23:47:00-05:00,2022-08-05T00:47:00-05:00,2022-08-05T23:47:00-05:00,2022-08-05T01:02:00-05:00
Low,8/5/2022,59,59,26.5,0,2.5,,0,0,0,29.82,0,28.18
Low Datetime,8/5/2022,2022-08-05T01:47:00-05:00,2022-08-05T01:47:00-05:00,2022-08-05T15:32:00-05:00,2022-08-05T03:02:00-05:00,2022-08-05T16:32:00-05:00,,2022-08-05T01:02:00-05:00,2022-08-05T01:02:00-05:00,2022-08-05T02:32:00-05:00,2022-08-05T15:02:00-05:00,2022-08-05T15:47:00-05:00,2022-08-05T15:02:00-05:00
Average,8/6/2022,67.6,67.8,61.7,2.4,8.5,N,0.02,0.45,0.68,29.97,82,28.28
High,8/6/2022,75.6,75.5,68.5,6,17.9,,0.38,0.5,0.72,30.1,99,28.39
High Datetime,8/6/2022,2022-08-06T15:32:00-05:00,2022-08-06T15:32:00-05:00,2022-08-06T04:32:00-05:00,2022-08-06T02:17:00-05:00,2022-08-06T02:17:00-05:00,,2022-08-06T02:17:00-05:00,2022-08-06T06:17:00-05:00,2022-08-06T06:02:00-05:00,2022-08-06T23:02:00-05:00,2022-08-06T05:32:00-05:00,2022-08-06T23:02:00-05:00
Low,8/6/2022,60.3,60.3,54.4,0,0,,0,0,0.31,29.87,57,28.19
Low Datetime,8/6/2022,2022-08-06T23:02:00-05:00,2022-08-06T23:02:00-05:00,2022-08-06T23:47:00-05:00,2022-08-06T20:32:00-05:00,2022-08-06T20:32:00-05:00,,2022-08-06T01:02:00-05:00,2022-08-06T00:02:00-05:00,2022-08-06T00:02:00-05:00,2022-08-06T03:02:00-05:00,2022-08-06T14:47:00-05:00,2022-08-06T03:02:00-05:00
Average,8/7/2022,59,59,51.3,0.4,3.6,N,0,0,0.05,30.14,76,28.42
High,8/7/2022,67.3,67.3,54.9,1.8,9.2,,0.06,0.06,0.5,30.19,98,28.45
High Datetime,8/7/2022,2022-08-07T11:17:00-05:00,2022-08-07T11:17:00-05:00,2022-08-07T17:17:00-05:00,2022-08-07T09:02:00-05:00,2022-08-07T08:17:00-05:00,,2022-08-07T23:02:00-05:00,2022-08-07T23:47:00-05:00,2022-08-07T00:02:00-05:00,2022-08-07T06:17:00-05:00,2022-08-07T23:47:00-05:00,2022-08-07T06:17:00-05:00
Low,8/7/2022,52.2,52.2,49.1,0,0,,0,0,0,30.11,56,28.38
Low Datetime,8/7/2022,2022-08-07T23:32:00-05:00,2022-08-07T23:32:00-05:00,2022-08-07T21:17:00-05:00,2022-08-07T01:02:00-05:00,2022-08-07T06:32:00-05:00,,2022-08-07T01:02:00-05:00,2022-08-07T01:02:00-05:00,2022-08-07T06:17:00-05:00,2022-08-07T15:17:00-05:00,2022-08-07T11:32:00-05:00,2022-08-07T20:17:00-05:00
Average,8/8/2022,60.2,59.9,52.8,1.3,4,N,0,0.04,0.12,30.06,80,28.35
High,8/8/2022,73.4,72.7,58.1,4.3,12.1,,0.06,0.04,0.12,30.13,100,28.39
High Datetime,8/8/2022,2022-08-08T16:32:00-05:00,2022-08-08T16:32:00-05:00,2022-08-08T11:02:00-05:00,2022-08-08T15:17:00-05:00,2022-08-08T16:02:00-05:00,,2022-08-08T00:17:00-05:00,2022-08-08T01:02:00-05:00,2022-08-08T01:02:00-05:00,2022-08-08T00:02:00-05:00,2022-08-08T05:32:00-05:00,2022-08-08T00:02:00-05:00
Low,8/8/2022,48,48,47.5,0,0,,0,0,0.06,30,48,28.33
Low Datetime,8/8/2022,2022-08-08T04:47:00-05:00,2022-08-08T04:47:00-05:00,2022-08-08T04:47:00-05:00,2022-08-08T01:02:00-05:00,2022-08-08T01:32:00-05:00,,2022-08-08T01:02:00-05:00,2022-08-08T00:02:00-05:00,2022-08-08T23:47:00-05:00,2022-08-08T17:17:00-05:00,2022-08-08T15:17:00-05:00,2022-08-08T03:32:00-05:00
Average,8/9/2022,67.7,67.7,56.7,2.8,7.8,N,0,0,0,30.02,71,28.33
High,8/9/2022,83.7,83.5,61,6,18.8,,0,0,0.04,30.1,100,28.36
High Datetime,8/9/2022,2022-08-09T15:47:00-05:00,2022-08-09T15:47:00-05:00,2022-08-09T23:47:00-05:00,2022-08-09T10:17:00-05:00,2022-08-09T17:02:00-05:00,,2022-08-09T01:02:00-05:00,2022-08-09T01:02:00-05:00,2022-08-09T00:02:00-05:00,2022-08-09T06:17:00-05:00,2022-08-09T03:32:00-05:00,2022-08-09T06:17:00-05:00
Low,8/9/2022,50.7,50.7,50.2,0,0,,0,0,0,29.93,43,28.3
Low Datetime,8/9/2022,2022-08-09T01:17:00-05:00,2022-08-09T01:17:00-05:00,2022-08-09T01:17:00-05:00,2022-08-09T01:02:00-05:00,2022-08-09T01:02:00-05:00,,2022-08-09T01:02:00-05:00,2022-08-09T01:02:00-05:00,2022-08-09T01:02:00-05:00,2022-08-09T15:32:00-05:00,2022-08-09T15:17:00-05:00,2022-08-09T14:17:00-05:00
Average,8/10/2022,64.1,63.8,52.7,1.7,5.9,N,0,0,0,30.17,70,28.46
High,8/10/2022,76.3,75.7,61.9,5.1,17.7,,0,0,0,30.3,99,28.54
High Datetime,8/10/2022,2022-08-10T14:47:00-05:00,2022-08-10T14:47:00-05:00,2022-08-10T00:02:00-05:00,2022-08-10T12:17:00-05:00,2022-08-10T12:17:00-05:00,,2022-08-10T01:02:00-05:00,2022-08-10T01:02:00-05:00,2022-08-10T01:02:00-05:00,2022-08-10T23:17:00-05:00,2022-08-10T06:47:00-05:00,2022-08-10T23:17:00-05:00
Low,8/10/2022,49.1,49.1,46.7,0,0,,0,0,0,30.04,38,28.35
Low Datetime,8/10/2022,2022-08-10T06:17:00-05:00,2022-08-10T06:17:00-05:00,2022-08-10T17:17:00-05:00,2022-08-10T02:02:00-05:00,2022-08-10T02:47:00-05:00,,2022-08-10T01:02:00-05:00,2022-08-10T01:02:00-05:00,2022-08-10T01:02:00-05:00,2022-08-10T00:02:00-05:00,2022-08-10T17:17:00-05:00,2022-08-10T00:02:00-05:00
Average,8/11/2022,59.4,59.1,48.6,0.4,2.7,N,0,0,0,30.29,72,28.56
High,8/11/2022,75.9,74.9,57.6,2.2,8.9,,0,0,0.02,30.38,99,28.61
High Datetime,8/11/2022,2022-08-11T16:32:00-05:00,2022-08-11T16:32:00-05:00,2022-08-12T23:47:00-05:00,2022-08-11T13:02:00-05:00,2022-08-11T13:47:00-05:00,,2022-08-11T01:02:00-05:00,2022-08-11T01:02:00-05:00,2022-08-12T23:47:00-05:00,2022-08-11T06:32:00-05:00,2022-08-11T05:32:00-05:00,2022-08-11T07:47:00-05:00
Low,8/11/2022,41.4,41.4,40.9,0,0,,0,0,0,30.1,37,28.38
Low Datetime,8/11/2022,2022-08-11T06:02:00-05:00,2022-08-11T06:02:00-05:00,2022-08-11T06:02:00-05:00,2022-08-11T01:02:00-05:00,2022-08-11T01:02:00-05:00,,2022-08-11T01:02:00-05:00,2022-08-11T01:02:00-05:00,2022-08-11T01:02:00-05:00,2022-08-12T23:47:00-05:00,2022-08-11T16:32:00-05:00,2022-08-12T23:47:00-05:00
Average,8/12/2022,58.3,58.3,52.3,0.5,3.3,N,0,0,0,30.18,81,28.46
High,8/12/2022,71.6,71.4,58.5,2.9,10.5,,0.03,0.02,0.02,30.29,98,28.53
High Datetime,8/12/2022,2022-08-12T13:47:00-05:00,2022-08-12T13:47:00-05:00,2022-08-12T19:32:00-05:00,2022-08-12T15:47:00-05:00,2022-08-12T15:32:00-05:00,,2022-08-12T18:02:00-05:00,2022-08-12T19:32:00-05:00,2022-08-12T19:47:00-05:00,2022-08-12T03:02:00-05:00,2022-08-12T20:47:00-05:00,2022-08-12T01:02:00-05:00
Low,8/12/2022,45.7,45.7,40.7,0,0,,0,0,0,30.09,62,28.38
Low Datetime,8/12/2022,2022-08-12T06:32:00-05:00,2022-08-12T06:32:00-05:00,2022-08-12T05:32:00-05:00,2022-08-12T01:02:00-05:00,2022-08-12T01:02:00-05:00,,2022-08-12T01:02:00-05:00,2022-08-12T01:02:00-05:00,2022-08-12T01:02:00-05:00,2022-08-12T14:32:00-05:00,2022-08-12T10:47:00-05:00,2022-08-12T23:02:00-05:00
Average,8/13/2022,61.1,61.1,57.6,0.5,3.8,N,0,0,0.02,30.08,89,28.37
High,8/13/2022,71.6,71.6,61,1.6,8.3,,0,0,0.02,30.12,100,28.4
High Datetime,8/13/2022,2022-08-13T15:47:00-05:00,2022-08-13T15:47:00-05:00,2022-08-13T15:02:00-05:00,2022-08-13T08:17:00-05:00,2022-08-13T18:02:00-05:00,,2022-08-13T01:02:00-05:00,2022-08-13T01:02:00-05:00,2022-08-13T01:02:00-05:00,2022-08-13T22:47:00-05:00,2022-08-13T05:02:00-05:00,2022-08-13T10:47:00-05:00
Low,8/13/2022,51.6,51.6,51.1,0,0,,0,0,0,30.03,67,28.35
Low Datetime,8/13/2022,2022-08-13T23:47:00-05:00,2022-08-13T23:47:00-05:00,2022-08-13T23:47:00-05:00,2022-08-13T04:47:00-05:00,2022-08-13T20:02:00-05:00,,2022-08-13T01:02:00-05:00,2022-08-13T01:02:00-05:00,2022-08-13T20:02:00-05:00,2022-08-13T15:47:00-05:00,2022-08-13T15:47:00-05:00,2022-08-13T16:47:00-05:00
Average,8/14/2022,62.1,62.2,57,0.7,3.7,N,0.01,0.03,0.03,30.07,85,28.36
High,8/14/2022,80.6,81.7,64.6,2.9,9.8,,0.41,0.37,0.37,30.14,100,28.41
High Datetime,8/14/2022,2022-08-14T13:17:00-05:00,2022-08-14T13:17:00-05:00,2022-08-14T16:02:00-05:00,2022-08-14T09:47:00-05:00,2022-08-14T12:32:00-05:00,,2022-08-14T22:02:00-05:00,2022-08-14T23:17:00-05:00,2022-08-14T23:02:00-05:00,2022-08-14T01:47:00-05:00,2022-08-14T06:02:00-05:00,2022-08-14T22:02:00-05:00
Low,8/14/2022,46.2,46.2,45.9,0,0,,0,0,0,29.97,53,28.33
Low Datetime,8/14/2022,2022-08-14T05:17:00-05:00,2022-08-14T05:17:00-05:00,2022-08-14T05:17:00-05:00,2022-08-14T01:02:00-05:00,2022-08-14T01:02:00-05:00,,2022-08-14T01:02:00-05:00,2022-08-14T01:02:00-05:00,2022-08-14T01:02:00-05:00,2022-08-14T13:17:00-05:00,2022-08-14T13:17:00-05:00,2022-08-14T13:02:00-05:00
Average,8/15/2022,61.8,61.8,60,0.5,3.8,N,0,0,0.34,30.14,94,28.43
High,8/15/2022,70.3,70.8,64.1,1.6,8.5,,0,0,0.37,30.22,100,28.48
High Datetime,8/15/2022,2022-08-15T17:02:00-05:00,2022-08-15T17:02:00-05:00,2022-08-15T17:47:00-05:00,2022-08-15T13:32:00-05:00,2022-08-15T14:02:00-05:00,,2022-08-15T01:02:00-05:00,2022-08-15T01:02:00-05:00,2022-08-15T01:02:00-05:00,2022-08-15T23:47:00-05:00,2022-08-15T02:17:00-05:00,2022-08-15T23:02:00-05:00
Low,8/15/2022,55.2,55.2,54.6,0,0,,0,0,0,30.1,79,28.38
Low Datetime,8/15/2022,2022-08-15T23:47:00-05:00,2022-08-15T23:47:00-05:00,2022-08-15T23:47:00-05:00,2022-08-15T01:02:00-05:00,2022-08-15T01:32:00-05:00,,2022-08-15T01:02:00-05:00,2022-08-15T01:02:00-05:00,2022-08-15T23:17:00-05:00,2022-08-15T01:02:00-05:00,2022-08-15T17:17:00-05:00,2022-08-15T03:02:00-05:00
Average,8/16/2022,62.2,62.3,59.5,0.5,3.8,N,0,0.01,0.01,30.17,91,28.46
High,8/16/2022,73.2,73.6,64.5,1.8,12.3,,0.03,0.03,0.03,30.22,100,28.48
High Datetime,8/16/2022,2022-08-16T13:47:00-05:00,2022-08-16T13:47:00-05:00,2022-08-16T13:17:00-05:00,2022-08-16T15:32:00-05:00,2022-08-16T17:32:00-05:00,,2022-08-16T17:17:00-05:00,2022-08-16T23:02:00-05:00,2022-08-16T22:32:00-05:00,2022-08-16T01:02:00-05:00,2022-08-16T05:47:00-05:00,2022-08-16T01:02:00-05:00
Low,8/16/2022,53.2,53.2,52.9,0,0,,0,0,0,30.12,71,28.42
Low Datetime,8/16/2022,2022-08-16T02:02:00-05:00,2022-08-16T02:02:00-05:00,2022-08-16T02:02:00-05:00,2022-08-16T01:02:00-05:00,2022-08-16T01:02:00-05:00,,2022-08-16T01:02:00-05:00,2022-08-16T01:02:00-05:00,2022-08-16T01:02:00-05:00,2022-08-16T17:02:00-05:00,2022-08-16T13:47:00-05:00,2022-08-16T20:47:00-05:00
Average,8/17/2022,66.8,67.1,63.1,1.4,6.1,N,0.04,0.74,0.77,30.09,88,28.39
High,8/17/2022,80.1,82.4,67.9,4.5,14.5,,0.82,0.99,1,30.18,99,28.46
High Datetime,8/17/2022,2022-08-17T16:32:00-05:00,2022-08-17T16:32:00-05:00,2022-08-17T14:47:00-05:00,2022-08-17T15:17:00-05:00,2022-08-17T18:02:00-05:00,,2022-08-17T05:32:00-05:00,2022-08-17T20:32:00-05:00,2022-08-17T09:02:00-05:00,2022-08-17T07:47:00-05:00,2022-08-17T02:02:00-05:00,2022-08-17T07:47:00-05:00
Low,8/17/2022,61,61,60.4,0,0,,0,0,0.05,29.98,64,28.32
Low Datetime,8/17/2022,2022-08-17T02:17:00-05:00,2022-08-17T02:17:00-05:00,2022-08-17T02:17:00-05:00,2022-08-17T21:02:00-05:00,2022-08-17T21:17:00-05:00,,2022-08-17T01:02:00-05:00,2022-08-17T00:02:00-05:00,2022-08-17T00:02:00-05:00,2022-08-17T17:17:00-05:00,2022-08-17T16:32:00-05:00,2022-08-17T23:47:00-05:00
Average,8/18/2022,66.4,66.7,62.1,0.5,3.2,N,0,0.02,0.27,29.88,87,28.2
High,8/18/2022,80.2,82.5,67.3,2.9,12.5,,0.19,0.08,0.99,30.02,100,28.31
High Datetime,8/18/2022,2022-08-18T12:47:00-05:00,2022-08-18T12:47:00-05:00,2022-08-18T16:02:00-05:00,2022-08-18T16:17:00-05:00,2022-08-18T16:32:00-05:00,,2022-08-18T19:47:00-05:00,2022-08-18T20:17:00-05:00,2022-08-18T00:02:00-05:00,2022-08-18T01:02:00-05:00,2022-08-18T01:47:00-05:00,2022-08-18T01:02:00-05:00
Low,8/18/2022,55,55,55,0,0,,0,0,0.03,29.76,64,28.11
Low Datetime,8/18/2022,2022-08-18T06:32:00-05:00,2022-08-18T06:32:00-05:00,2022-08-18T06:32:00-05:00,2022-08-18T01:02:00-05:00,2022-08-18T02:47:00-05:00,,2022-08-18T01:02:00-05:00,2022-08-18T01:02:00-05:00,2022-08-18T09:17:00-05:00,2022-08-18T16:02:00-05:00,2022-08-18T12:17:00-05:00,2022-08-18T19:02:00-05:00
Average,8/19/2022,63.5,63.6,62,0.4,2.8,N,0,0.01,0.07,29.88,94,28.19
High,8/19/2022,73.4,74,65.8,1.8,7.2,,0.03,0.02,0.09,29.98,100,28.28
High Datetime,8/19/2022,2022-08-19T15:17:00-05:00,2022-08-19T15:17:00-05:00,2022-08-19T15:02:00-05:00,2022-08-19T16:02:00-05:00,2022-08-19T16:02:00-05:00,,2022-08-19T06:17:00-05:00,2022-08-19T13:32:00-05:00,2022-08-19T06:17:00-05:00,2022-08-19T23:02:00-05:00,2022-08-19T01:02:00-05:00,2022-08-19T23:02:00-05:00
Low,8/19/2022,57.9,57.9,57.9,0,0,,0,0,0.02,29.83,75,28.13
Low Datetime,8/19/2022,2022-08-19T04:32:00-05:00,2022-08-19T04:32:00-05:00,2022-08-19T04:32:00-05:00,2022-08-19T01:02:00-05:00,2022-08-19T01:02:00-05:00,,2022-08-19T01:02:00-05:00,2022-08-19T01:02:00-05:00,2022-08-19T20:17:00-05:00,2022-08-19T01:17:00-05:00,2022-08-19T15:32:00-05:00,2022-08-19T01:17:00-05:00
Average,8/20/2022,64.8,64.8,59.6,0.4,3.3,N,0,0,0.01,30.04,85,28.34
High,8/20/2022,76.5,76.3,62.8,1.8,8.7,,0,0,0.02,30.12,100,28.39
High Datetime,8/20/2022,2022-08-20T15:17:00-05:00,2022-08-20T15:17:00-05:00,2022-08-20T01:02:00-05:00,2022-08-20T14:17:00-05:00,2022-08-20T14:32:00-05:00,,2022-08-20T01:02:00-05:00,2022-08-20T01:02:00-05:00,2022-08-20T01:02:00-05:00,2022-08-20T22:47:00-05:00,2022-08-20T01:02:00-05:00,2022-08-20T22:47:00-05:00
Low,8/20/2022,55.2,55.2,54,0,0,,0,0,0,29.98,50,28.28
Low Datetime,8/20/2022,2022-08-20T23:32:00-05:00,2022-08-20T23:32:00-05:00,2022-08-20T16:02:00-05:00,2022-08-20T01:02:00-05:00,2022-08-20T02:47:00-05:00,,2022-08-20T01:02:00-05:00,2022-08-20T01:02:00-05:00,2022-08-20T13:32:00-05:00,2022-08-20T00:02:00-05:00,2022-08-20T15:47:00-05:00,2022-08-20T00:02:00-05:00
Average,8/21/2022,61.8,61.6,53.6,0.8,3.2,N,0,0,0,30.09,78,28.39
High,8/21/2022,77.5,77.3,60.6,3.6,12.5,,0,0,0,30.16,100,28.42
High Datetime,8/21/2022,2022-08-21T14:47:00-05:00,2022-08-21T14:47:00-05:00,2022-08-21T09:17:00-05:00,2022-08-21T16:02:00-05:00,2022-08-21T19:32:00-05:00,,2022-08-21T01:02:00-05:00,2022-08-21T01:02:00-05:00,2022-08-21T01:02:00-05:00,2022-08-21T06:17:00-05:00,2022-08-21T06:17:00-05:00,2022-08-21T08:32:00-05:00
Low,8/21/2022,46.8,46.8,46.5,0,0,,0,0,0,30.02,41,28.36
Low Datetime,8/21/2022,2022-08-21T05:47:00-05:00,2022-08-21T05:47:00-05:00,2022-08-21T05:47:00-05:00,2022-08-21T01:02:00-05:00,2022-08-21T01:02:00-05:00,,2022-08-21T01:02:00-05:00,2022-08-21T01:02:00-05:00,2022-08-21T01:02:00-05:00,2022-08-21T17:47:00-05:00,2022-08-21T16:47:00-05:00,2022-08-21T17:47:00-05:00
Average,8/22/2022,64.3,64.7,57.7,0.7,3.5,N,0.01,0.02,0.02,30.06,81,28.36
High,8/22/2022,82.6,83.8,68.1,3.4,15.9,,0.44,0.27,0.27,30.14,100,28.39
High Datetime,8/22/2022,2022-08-22T14:47:00-05:00,2022-08-22T14:47:00-05:00,2022-08-22T19:02:00-05:00,2022-08-22T14:32:00-05:00,2022-08-22T08:47:00-05:00,,2022-08-22T21:32:00-05:00,2022-08-22T23:32:00-05:00,2022-08-22T23:17:00-05:00,2022-08-22T04:32:00-05:00,2022-08-22T07:17:00-05:00,2022-08-22T07:32:00-05:00
Low,8/22/2022,46.2,46.2,45.9,0,0,,0,0,0,29.97,52,28.32
Low Datetime,8/22/2022,2022-08-22T06:17:00-05:00,2022-08-22T06:17:00-05:00,2022-08-22T06:17:00-05:00,2022-08-22T01:02:00-05:00,2022-08-22T01:02:00-05:00,,2022-08-22T01:02:00-05:00,2022-08-22T01:02:00-05:00,2022-08-22T01:02:00-05:00,2022-08-22T15:17:00-05:00,2022-08-22T14:17:00-05:00,2022-08-22T18:32:00-05:00
