Lake County, Minnesota, Minimum Temperature
Units: Degrees Fahrenheit
Base Period: 1991-2020
Missing: -99
Date,Value,Anomaly
189501,-11.2,-8.7
189502,-7.0,-7.2
189503,5.2,-6.9
189504,29.0,3.9
189505,37.5,0.2
189506,49.2,1.9
189507,51.3,-1.3
189508,52.0,0.9
189509,45.0,1.1
189510,28.8,-3.5
189511,15.8,-3.6
189512,4.0,-1.6
189601,-3.7,-1.2
189602,-1.4,-1.6
189603,4.2,-7.9
189604,26.4,1.3
189605,43.0,5.7
189606,46.7,-0.6
189607,51.3,-1.3
189608,47.8,-3.3
189609,39.0,-4.9
189610,28.0,-4.3
189611,7.0,-12.4
189612,4.4,-1.2
189701,-8.8,-6.3
189702,-1.3,-1.5
189703,3.8,-8.3
189704,24.7,-0.4
189705,35.4,-1.9
189706,43.9,-3.4
189707,54.7,2.1
189708,46.5,-4.6
189709,44.3,0.4
189710,33.4,1.1
189711,9.9,-9.5
189712,-5.0,-10.6
189801,-2.6,-0.1
189802,-3.6,-3.8
189803,10.6,-1.5
189804,21.2,-3.9
189805,36.7,-0.6
189806,45.8,-1.5
189807,49.9,-2.7
189808,46.9,-4.2
189809,42.1,-1.8
189810,30.6,-1.7
189811,13.6,-5.8
189812,-4.4,-10.0
189901,-11.1,-8.6
189902,-13.7,-13.9
189903,-8.4,-20.5
189904,26.3,1.2
189905,36.2,-1.1
189906,45.9,-1.4
189907,50.6,-2.0
189908,52.7,1.6
189909,38.5,-5.4
189910,33.0,0.7
189911,24.6,5.2
189912,2.4,-3.2
190001,-0.4,2.1
190002,-13.4,-13.6
190003,4.8,-7.3
190004,28.7,3.6
190005,35.9,-1.4
190006,45.2,-2.1
190007,48.2,-4.4
190008,52.7,1.6
190009,40.6,-3.3
190010,39.3,7.0
190011,12.0,-7.4
190012,3.1,-2.5
190101,-5.5,-3.0
190102,-7.2,-7.4
190103,6.9,-5.2
190104,27.5,2.4
190105,38.6,1.3
190106,48.1,0.8
190107,55.6,3.0
190108,50.0,-1.1
190109,39.6,-4.3
190110,30.8,-1.5
190111,13.3,-6.1
190112,-2.3,-7.9
190201,-2.2,0.3
190202,-4.0,-4.2
190203,13.8,1.7
190204,23.8,-1.3
190205,39.4,2.1
190206,42.5,-4.8
190207,51.4,-1.2
190208,46.5,-4.6
190209,38.5,-5.4
190210,30.8,-1.5
190211,21.6,2.2
190212,0.0,-5.6
190301,-6.8,-4.3
190302,-6.3,-6.5
190303,14.2,2.1
190304,26.0,0.9
190305,37.6,0.3
190306,40.4,-6.9
190307,46.7,-5.9
190308,42.2,-8.9
190309,38.0,-5.9
190310,31.4,-0.9
190311,9.7,-9.7
190312,-8.4,-14.0
190401,-14.5,-12.0
190402,-17.0,-17.2
190403,5.3,-6.8
190404,22.6,-2.5
190405,35.4,-1.9
190406,45.7,-1.6
190407,48.8,-3.8
190408,46.9,-4.2
190409,39.7,-4.2
190410,33.1,0.8
190411,21.2,1.8
190412,-0.9,-6.5
190501,-11.8,-9.3
190502,-7.4,-7.6
190503,13.8,1.7
190504,25.8,0.7
190505,36.8,-0.5
190506,46.3,-1.0
190507,52.2,-0.4
190508,52.1,1.0
190509,46.2,2.3
190510,30.6,-1.7
190511,19.7,0.3
190512,6.1,0.5
190601,1.3,3.8
190602,-5.0,-5.2
190603,4.2,-7.9
190604,29.2,4.1
190605,36.3,-1.0
190606,47.3,0.0
190607,51.0,-1.6
190608,50.9,-0.2
190609,47.3,3.4
190610,30.9,-1.4
190611,21.6,2.2
190612,1.7,-3.9
190701,-13.2,-10.7
190702,-3.5,-3.7
190703,10.0,-2.1
190704,19.4,-5.7
190705,29.6,-7.7
190706,46.5,-0.8
190707,49.9,-2.7
190708,47.0,-4.1
190709,41.6,-2.3
190710,28.9,-3.4
190711,18.9,-0.5
190712,5.2,-0.4
190801,-0.7,1.8
190802,2.1,1.9
190803,9.3,-2.8
190804,26.2,1.1
190805,38.0,0.7
190806,47.2,-0.1
190807,51.0,-1.6
190808,47.8,-3.3
190809,44.6,0.7
190810,33.8,1.5
190811,20.6,1.2
190812,2.7,-2.9
190901,-6.0,-3.5
190902,-4.1,-4.3
190903,10.2,-1.9
190904,20.9,-4.2
190905,34.5,-2.8
190906,46.8,-0.5
190907,50.6,-2.0
190908,52.6,1.5
190909,41.3,-2.6
190910,31.7,-0.6
190911,22.5,3.1
190912,3.2,-2.4
191001,-1.8,0.7
191002,-7.5,-7.7
191003,19.7,7.6
191004,29.1,4.0
191005,33.9,-3.4
191006,50.1,2.8
191007,53.7,1.1
191008,49.2,-1.9
191009,41.7,-2.2
191010,32.6,0.3
191011,15.5,-3.9
191012,-3.1,-8.7
191101,-12.0,-9.5
191102,1.6,1.4
191103,12.3,0.2
191104,23.6,-1.5
191105,38.4,1.1
191106,49.4,2.1
191107,49.4,-3.2
191108,46.4,-4.7
191109,39.6,-4.3
191110,29.4,-2.9
191111,8.0,-11.4
191112,7.2,1.6
191201,-23.9,-21.4
191202,-7.1,-7.3
191203,0.8,-11.3
191204,23.8,-1.3
191205,35.8,-1.5
191206,44.5,-2.8
191207,50.1,-2.5
191208,46.3,-4.8
191209,42.1,-1.8
191210,31.1,-1.2
191211,18.7,-0.7
191212,3.3,-2.3
191301,-10.2,-7.7
191302,-10.5,-10.7
191303,0.9,-11.2
191304,25.9,0.8
191305,33.2,-4.1
191306,45.9,-1.4
191307,48.1,-4.5
191308,49.4,-1.7
191309,41.0,-2.9
191310,29.2,-3.1
191311,22.4,3.0
191312,12.7,7.1
191401,-1.1,1.4
191402,-18.6,-18.8
191403,5.4,-6.7
191404,19.6,-5.5
191405,37.4,0.1
191406,46.4,-0.9
191407,52.7,0.1
191408,47.0,-4.1
191409,42.2,-1.7
191410,33.2,0.9
191411,15.2,-4.2
191412,-5.1,-10.7
191501,-7.3,-4.8
191502,5.5,5.3
191503,8.4,-3.7
191504,32.7,7.6
191505,33.4,-3.9
191506,40.5,-6.8
191507,44.7,-7.9
191508,44.2,-6.9
191509,41.2,-2.7
191510,30.6,-1.7
191511,19.0,-0.4
191512,6.0,0.4
191601,-12.4,-9.9
191602,-9.2,-9.4
191603,0.5,-11.6
191604,25.6,0.5
191605,34.7,-2.6
191606,41.8,-5.5
191607,57.7,5.1
191608,49.3,-1.8
191609,38.9,-5.0
191610,27.7,-4.6
191611,16.2,-3.2
191612,-6.2,-11.8
191701,-14.7,-12.2
191702,-15.6,-15.8
191703,5.4,-6.7
191704,19.9,-5.2
191705,31.7,-5.6
191706,38.5,-8.8
191707,47.9,-4.7
191708,46.4,-4.7
191709,40.1,-3.8
191710,24.6,-7.7
191711,21.7,2.3
191712,-11.2,-16.8
191801,-13.7,-11.2
191802,-7.3,-7.5
191803,13.8,1.7
191804,22.4,-2.7
191805,34.4,-2.9
191806,45.4,-1.9
191807,49.0,-3.6
191808,48.7,-2.4
191809,34.7,-9.2
191810,31.7,-0.6
191811,22.1,2.7
191812,9.0,3.4
191901,1.9,4.4
191902,0.5,0.3
191903,8.2,-3.9
191904,25.9,0.8
191905,36.4,-0.9
191906,49.0,1.7
191907,52.8,0.2
191908,50.2,-0.9
191909,41.5,-2.4
191910,26.2,-6.1
191911,11.0,-8.4
191912,-8.4,-14.0
192001,-14.1,-11.6
192002,-3.5,-3.7
192003,9.7,-2.4
192004,18.3,-6.8
192005,35.7,-1.6
192006,46.0,-1.3
192007,48.2,-4.4
192008,47.9,-3.2
192009,43.9,0.0
192010,36.0,3.7
192011,15.8,-3.6
192012,8.1,2.5
192101,-0.1,2.4
192102,4.2,4.0
192103,8.8,-3.3
192104,27.4,2.3
192105,37.0,-0.3
192106,50.5,3.2
192107,57.4,4.8
192108,47.7,-3.4
192109,44.0,0.1
192110,31.9,-0.4
192111,11.6,-7.8
192112,1.3,-4.3
192201,-7.7,-5.2
192202,-7.5,-7.7
192203,10.9,-1.2
192204,25.3,0.2
192205,39.9,2.6
192206,45.8,-1.5
192207,48.0,-4.6
192208,49.1,-2.0
192209,41.7,-2.2
192210,31.3,-1.0
192211,24.5,5.1
192212,-3.9,-9.5
192301,-5.6,-3.1
192302,-12.1,-12.3
192303,-2.5,-14.6
192304,22.0,-3.1
192305,35.0,-2.3
192306,47.7,0.4
192307,52.1,-0.5
192308,44.3,-6.8
192309,41.5,-2.4
192310,30.2,-2.1
192311,21.9,2.5
192312,10.0,4.4
192401,-16.1,-13.6
192402,2.0,1.8
192403,10.7,-1.4
192404,24.0,-1.1
192405,32.0,-5.3
192406,42.6,-4.7
192407,46.3,-6.3
192408,44.7,-6.4
192409,38.2,-5.7
192410,35.1,2.8
192411,14.6,-4.8
192412,-10.5,-16.1
192501,-5.3,-2.8
192502,-1.6,-1.8
192503,9.4,-2.7
192504,27.0,1.9
192505,32.3,-5.0
192506,45.9,-1.4
192507,48.9,-3.7
192508,50.0,-1.1
192509,43.0,-0.9
192510,24.0,-8.3
192511,14.1,-5.3
192512,-1.5,-7.1
192601,-4.5,-2.0
192602,0.9,0.7
192603,3.2,-8.9
192604,19.7,-5.4
192605,35.9,-1.4
192606,44.1,-3.2
192607,48.0,-4.6
192608,49.7,-1.4
192609,39.1,-4.8
192610,29.4,-2.9
192611,11.8,-7.6
192612,-3.8,-9.4
192701,-8.4,-5.9
192702,0.0,-0.2
192703,15.0,2.9
192704,25.4,0.3
192705,34.9,-2.4
192706,44.1,-3.2
192707,47.4,-5.2
192708,43.7,-7.4
192709,45.0,1.1
192710,32.6,0.3
192711,13.1,-6.3
192712,-7.8,-13.4
192801,-2.1,0.4
192802,-0.3,-0.5
192803,7.7,-4.4
192804,19.5,-5.6
192805,37.4,0.1
192806,43.5,-3.8
192807,48.6,-4.0
192808,49.2,-1.9
192809,39.2,-4.7
192810,32.0,-0.3
192811,20.8,1.4
192812,8.0,2.4
192901,-17.9,-15.4
192902,-9.2,-9.4
192903,12.9,0.8
192904,25.0,-0.1
192905,33.2,-4.1
192906,43.4,-3.9
192907,50.5,-2.1
192908,47.5,-3.6
192909,39.5,-4.4
192910,32.4,0.1
192911,12.9,-6.5
192912,0.2,-5.4
193001,-13.7,-11.2
193002,4.3,4.1
193003,9.3,-2.8
193004,24.9,-0.2
193005,36.6,-0.7
193006,47.9,0.6
193007,49.9,-2.7
193008,49.4,-1.7
193009,40.3,-3.6
193010,30.5,-1.8
193011,18.4,-1.0
193012,5.6,0.0
193101,4.2,6.7
193102,9.6,9.4
193103,13.3,1.2
193104,25.0,-0.1
193105,35.9,-1.4
193106,47.5,0.2
193107,52.5,-0.1
193108,49.0,-2.1
193109,45.2,1.3
193110,37.3,5.0
193111,24.3,4.9
193112,13.9,8.3
193201,4.1,6.6
193202,-1.8,-2.0
193203,2.3,-9.8
193204,24.1,-1.0
193205,37.0,-0.3
193206,47.6,0.3
193207,51.4,-1.2
193208,51.0,-0.1
193209,39.2,-4.7
193210,29.2,-3.1
193211,12.7,-6.7
193212,-2.7,-8.3
193301,-0.4,2.1
193302,-8.7,-8.9
193303,9.1,-3.0
193304,24.6,-0.5
193305,37.2,-0.1
193306,47.9,0.6
193307,51.3,-1.3
193308,48.5,-2.6
193309,45.1,1.2
193310,28.0,-4.3
193311,12.0,-7.4
193312,-6.7,-12.3
193401,1.5,4.0
193402,-9.4,-9.6
193403,5.0,-7.1
193404,25.1,0.0
193405,38.3,1.0
193406,45.8,-1.5
193407,50.1,-2.5
193408,45.9,-5.2
193409,40.6,-3.3
193410,34.3,2.0
193411,22.7,3.3
193412,-2.4,-8.0
193501,-11.1,-8.6
193502,4.4,4.2
193503,11.4,-0.7
193504,23.6,-1.5
193505,34.3,-3.0
193506,44.1,-3.2
193507,54.4,1.8
193508,50.3,-0.8
193509,38.3,-5.6
193510,31.1,-1.2
193511,12.7,-6.7
193512,4.2,-1.4
193601,-11.2,-8.7
193602,-18.0,-18.2
193603,11.0,-1.1
193604,20.3,-4.8
193605,37.4,0.1
193606,43.9,-3.4
193607,52.9,0.3
193608,51.0,-0.1
193609,43.7,-0.2
193610,26.8,-5.5
193611,11.3,-8.1
193612,4.0,-1.6
193701,-16.0,-13.5
193702,-4.1,-4.3
193703,5.0,-7.1
193704,26.0,0.9
193705,37.6,0.3
193706,45.8,-1.5
193707,53.6,1.0
193708,53.9,2.8
193709,41.1,-2.8
193710,29.8,-2.5
193711,17.1,-2.3
193712,-3.8,-9.4
193801,-7.4,-4.9
193802,1.8,1.6
193803,16.8,4.7
193804,23.9,-1.2
193805,36.7,-0.6
193806,47.5,0.2
193807,52.6,0.0
193808,53.4,2.3
193809,42.8,-1.1
193810,34.9,2.6
193811,14.4,-5.0
193812,2.6,-3.0
193901,-0.4,2.1
193902,-12.4,-12.6
193903,4.8,-7.3
193904,20.8,-4.3
193905,37.1,-0.2
193906,46.6,-0.7
193907,51.7,-0.9
193908,51.6,0.5
193909,42.7,-1.2
193910,30.2,-2.1
193911,20.6,1.2
193912,13.2,7.6
194001,-6.6,-4.1
194002,4.4,4.2
194003,5.1,-7.0
194004,23.4,-1.7
194005,35.0,-2.3
194006,44.7,-2.6
194007,51.5,-1.1
194008,50.2,-0.9
194009,44.4,0.5
194010,34.8,2.5
194011,14.4,-5.0
194012,3.6,-2.0
194101,-0.8,1.7
194102,-0.4,-0.6
194103,9.6,-2.5
194104,30.7,5.6
194105,39.8,2.5
194106,47.9,0.6
194107,53.8,1.2
194108,49.6,-1.5
194109,44.0,0.1
194110,32.2,-0.1
194111,19.2,-0.2
194112,7.9,2.3
194201,0.1,2.6
194202,-0.6,-0.8
194203,17.0,4.9
194204,29.0,3.9
194205,35.1,-2.2
194206,46.1,-1.2
194207,50.1,-2.5
194208,50.0,-1.1
194209,39.3,-4.6
194210,31.8,-0.5
194211,14.9,-4.5
194212,-1.8,-7.4
194301,-11.2,-8.7
194302,-3.6,-3.8
194303,0.7,-11.4
194304,23.0,-2.1
194305,35.5,-1.8
194306,45.9,-1.4
194307,53.9,1.3
194308,50.6,-0.5
194309,38.3,-5.6
194310,32.3,0.0
194311,14.0,-5.4
194312,1.5,-4.1
194401,7.0,9.5
194402,-3.0,-3.2
194403,6.8,-5.3
194404,22.3,-2.8
194405,37.8,0.5
194406,46.0,-1.3
194407,50.4,-2.2
194408,50.2,-0.9
194409,42.7,-1.2
194410,31.1,-1.2
194411,24.4,5.0
194412,1.0,-4.6
194501,-5.4,-2.9
194502,-1.3,-1.5
194503,18.7,6.6
194504,23.8,-1.3
194505,31.7,-5.6
194506,43.0,-4.3
194507,49.9,-2.7
194508,50.2,-0.9
194509,40.2,-3.7
194510,28.3,-4.0
194511,15.1,-4.3
194512,-1.6,-7.2
194601,-4.7,-2.2
194602,-7.4,-7.6
194603,18.4,6.3
194604,26.5,1.4
194605,34.2,-3.1
194606,45.0,-2.3
194607,51.1,-1.5
194608,48.8,-2.3
194609,39.9,-4.0
194610,31.6,-0.7
194611,15.4,-4.0
194612,-1.0,-6.6
194701,-3.6,-1.1
194702,-7.0,-7.2
194703,7.6,-4.5
194704,20.3,-4.8
194705,31.6,-5.7
194706,42.6,-4.7
194707,49.8,-2.8
194708,51.8,0.7
194709,41.0,-2.9
194710,36.8,4.5
194711,14.4,-5.0
194712,2.4,-3.2
194801,-9.4,-6.9
194802,-6.1,-6.3
194803,8.4,-3.7
194804,26.9,1.8
194805,34.9,-2.4
194806,45.3,-2.0
194807,49.2,-3.4
194808,49.5,-1.6
194809,44.0,0.1
194810,32.4,0.1
194811,21.9,2.5
194812,3.1,-2.5
194901,-2.0,0.5
194902,-5.9,-6.1
194903,7.7,-4.4
194904,26.9,1.8
194905,36.0,-1.3
194906,48.8,1.5
194907,53.3,0.7
194908,52.6,1.5
194909,39.5,-4.4
194910,31.4,-0.9
194911,19.0,-0.4
194912,-1.4,-7.0
195001,-15.3,-12.8
195002,-3.2,-3.4
195003,3.2,-8.9
195004,17.7,-7.4
195005,33.5,-3.8
195006,44.0,-3.3
195007,49.1,-3.5
195008,43.7,-7.4
195009,42.2,-1.7
195010,33.8,1.5
195011,12.1,-7.3
195012,-4.3,-9.9
195101,-7.7,-5.2
195102,-0.3,-0.5
195103,5.5,-6.6
195104,24.7,-0.4
195105,39.0,1.7
195106,44.8,-2.5
195107,50.6,-2.0
195108,47.4,-3.7
195109,39.2,-4.7
195110,31.4,-0.9
195111,10.8,-8.6
195112,-0.1,-5.7
195201,-7.8,-5.3
195202,5.8,5.6
195203,8.7,-3.4
195204,27.4,2.3
195205,36.1,-1.2
195206,47.5,0.2
195207,50.8,-1.8
195208,47.9,-3.2
195209,41.9,-2.0
195210,25.8,-6.5
195211,19.5,0.1
195212,11.5,5.9
195301,-0.5,2.0
195302,-0.1,-0.3
195303,13.4,1.3
195304,25.0,-0.1
195305,34.9,-2.4
195306,47.1,-0.2
195307,50.8,-1.8
195308,52.8,1.7
195309,41.5,-2.4
195310,35.0,2.7
195311,22.5,3.1
195312,2.1,-3.5
195401,-10.4,-7.9
195402,8.4,8.2
195403,7.2,-4.9
195404,22.7,-2.4
195405,32.4,-4.9
195406,47.7,0.4
195407,51.1,-1.5
195408,48.3,-2.8
195409,41.6,-2.3
195410,30.5,-1.8
195411,21.9,2.5
195412,8.2,2.6
195501,-4.9,-2.4
195502,-4.8,-5.0
195503,0.6,-11.5
195504,31.2,6.1
195505,38.8,1.5
195506,49.0,1.7
195507,55.4,2.8
195508,53.9,2.8
195509,41.8,-2.1
195510,32.0,-0.3
195511,11.0,-8.4
195512,-3.7,-9.3
195601,0.5,3.0
195602,-3.6,-3.8
195603,5.9,-6.2
195604,21.7,-3.4
195605,33.6,-3.7
195606,48.7,1.4
195607,48.7,-3.9
195608,48.5,-2.6
195609,39.2,-4.7
195610,35.2,2.9
195611,17.2,-2.2
195612,1.2,-4.4
195701,-15.2,-12.7
195702,-4.4,-4.6
195703,8.1,-4.0
195704,24.0,-1.1
195705,36.0,-1.3
195706,45.2,-2.1
195707,52.9,0.3
195708,49.2,-1.9
195709,39.2,-4.7
195710,30.6,-1.7
195711,18.0,-1.4
195712,2.5,-3.1
195801,1.1,3.6
195802,-5.9,-6.1
195803,13.1,1.0
195804,26.0,0.9
195805,34.4,-2.9
195806,40.0,-7.3
195807,49.4,-3.2
195808,48.1,-3.0
195809,42.5,-1.4
195810,33.5,1.2
195811,18.0,-1.4
195812,-9.5,-15.1
195901,-14.3,-11.8
195902,-7.7,-7.9
195903,10.6,-1.5
195904,24.0,-1.1
195905,38.2,0.9
195906,48.1,0.8
195907,52.4,-0.2
195908,52.7,1.6
195909,42.1,-1.8
195910,29.5,-2.8
195911,6.6,-12.8
195912,10.9,5.3
196001,-4.0,-1.5
196002,-2.2,-2.4
196003,1.7,-10.4
196004,25.9,0.8
196005,37.3,0.0
196006,44.1,-3.2
196007,49.6,-3.0
196008,51.8,0.7
196009,41.9,-2.0
196010,31.3,-1.0
196011,20.4,1.0
196012,-3.3,-8.9
196101,-9.0,-6.5
196102,4.7,4.5
196103,16.5,4.4
196104,23.7,-1.4
196105,33.6,-3.7
196106,46.1,-1.2
196107,51.0,-1.6
196108,50.9,-0.2
196109,41.9,-2.0
196110,32.2,-0.1
196111,18.5,-0.9
196112,2.3,-3.3
196201,-11.6,-9.1
196202,-6.4,-6.6
196203,13.9,1.8
196204,22.4,-2.7
196205,38.6,1.3
196206,44.5,-2.8
196207,48.4,-4.2
196208,48.4,-2.7
196209,40.2,-3.7
196210,34.0,1.7
196211,22.1,2.7
196212,0.2,-5.4
196301,-13.4,-10.9
196302,-10.1,-10.3
196303,10.0,-2.1
196304,25.7,0.6
196305,33.9,-3.4
196306,47.6,0.3
196307,53.4,0.8
196308,48.2,-2.9
196309,43.2,-0.7
196310,41.2,8.9
196311,23.2,3.8
196312,-4.7,-10.3
196401,1.9,4.4
196402,-0.8,-1.0
196403,3.2,-8.9
196404,24.4,-0.7
196405,39.9,2.6
196406,44.9,-2.4
196407,52.2,-0.4
196408,46.5,-4.6
196409,39.0,-4.9
196410,29.9,-2.4
196411,18.9,-0.5
196412,-5.0,-10.6
196501,-11.6,-9.1
196502,-12.0,-12.2
196503,1.5,-10.6
196504,25.0,-0.1
196505,37.6,0.3
196506,44.0,-3.3
196507,48.0,-4.6
196508,46.4,-4.7
196509,36.8,-7.1
196510,32.4,0.1
196511,16.6,-2.8
196512,10.5,4.9
196601,-15.5,-13.0
196602,-4.0,-4.2
196603,13.3,1.2
196604,22.5,-2.6
196605,31.2,-6.1
196606,46.9,-0.4
196607,54.0,1.4
196608,48.5,-2.6
196609,41.1,-2.8
196610,29.3,-3.0
196611,13.0,-6.4
196612,-0.4,-6.0
196701,-5.7,-3.2
196702,-14.7,-14.9
196703,9.3,-2.8
196704,22.9,-2.2
196705,30.9,-6.4
196706,46.2,-1.1
196707,49.4,-3.2
196708,46.9,-4.2
196709,41.5,-2.4
196710,30.7,-1.6
196711,15.8,-3.6
196712,4.0,-1.6
196801,-6.0,-3.5
196802,-6.6,-6.8
196803,16.2,4.1
196804,26.8,1.7
196805,35.6,-1.7
196806,45.2,-2.1
196807,50.2,-2.4
196808,47.7,-3.4
196809,44.6,0.7
196810,34.4,2.1
196811,20.0,0.6
196812,1.1,-4.5
196901,-4.4,-1.9
196902,0.8,0.6
196903,5.2,-6.9
196904,27.5,2.4
196905,36.1,-1.2
196906,40.8,-6.5
196907,50.3,-2.3
196908,52.7,1.6
196909,44.0,0.1
196910,29.3,-3.0
196911,16.8,-2.6
196912,7.7,2.1
197001,-10.3,-7.8
197002,-6.4,-6.6
197003,4.5,-7.6
197004,24.8,-0.3
197005,34.4,-2.9
197006,47.9,0.6
197007,54.3,1.7
197008,50.6,-0.5
197009,42.5,-1.4
197010,32.5,0.2
197011,18.1,-1.3
197012,1.4,-4.2
197101,-13.5,-11.0
197102,-1.2,-1.4
197103,7.4,-4.7
197104,25.1,0.0
197105,33.5,-3.8
197106,47.8,0.5
197107,47.7,-4.9
197108,47.1,-4.0
197109,44.3,0.4
197110,37.4,5.1
197111,18.5,-0.9
197112,0.7,-4.9
197201,-15.7,-13.2
197202,-8.1,-8.3
197203,5.3,-6.8
197204,22.9,-2.2
197205,39.8,2.5
197206,45.7,-1.6
197207,49.2,-3.4
197208,49.3,-1.8
197209,39.2,-4.7
197210,29.2,-3.1
197211,18.3,-1.1
197212,-4.6,-10.2
197301,0.5,3.0
197302,0.1,-0.1
197303,21.4,9.3
197304,25.8,0.7
197305,35.7,-1.6
197306,46.8,-0.5
197307,51.6,-1.0
197308,53.1,2.0
197309,42.2,-1.7
197310,36.6,4.3
197311,18.8,-0.6
197312,1.4,-4.2
197401,-7.1,-4.6
197402,-4.6,-4.8
197403,7.4,-4.7
197404,25.3,0.2
197405,34.0,-3.3
197406,45.7,-1.6
197407,54.0,1.4
197408,48.7,-2.4
197409,36.4,-7.5
197410,31.5,-0.8
197411,19.5,0.1
197412,10.6,5.0
197501,-2.7,-0.2
197502,-0.8,-1.0
197503,4.6,-7.5
197504,20.7,-4.4
197505,39.0,1.7
197506,47.2,-0.1
197507,54.1,1.5
197508,49.3,-1.8
197509,39.0,-4.9
197510,33.4,1.1
197511,19.6,0.2
197512,-0.6,-6.2
197601,-8.2,-5.7
197602,6.8,6.6
197603,9.0,-3.1
197604,28.6,3.5
197605,35.3,-2.0
197606,49.6,2.3
197607,51.7,-0.9
197608,50.6,-0.5
197609,39.1,-4.8
197610,25.3,-7.0
197611,11.9,-7.5
197612,-10.9,-16.5
197701,-14.4,-11.9
197702,2.6,2.4
197703,18.7,6.6
197704,29.5,4.4
197705,43.4,6.1
197706,47.1,-0.2
197707,52.5,-0.1
197708,45.2,-5.9
197709,41.8,-2.1
197710,31.5,-0.8
197711,17.2,-2.2
197712,0.9,-4.7
197801,-8.9,-6.4
197802,-7.0,-7.2
197803,8.2,-3.9
197804,24.8,-0.3
197805,39.0,1.7
197806,46.0,-1.3
197807,50.6,-2.0
197808,50.6,-0.5
197809,44.3,0.4
197810,33.4,1.1
197811,14.5,-4.9
197812,-5.4,-11.0
197901,-14.6,-12.1
197902,-9.9,-10.1
197903,10.7,-1.4
197904,22.7,-2.4
197905,33.2,-4.1
197906,44.3,-3.0
197907,52.1,-0.5
197908,48.1,-3.0
197909,43.0,-0.9
197910,30.6,-1.7
197911,16.9,-2.5
197912,8.2,2.6
198001,-4.7,-2.2
198002,-2.0,-2.2
198003,4.3,-7.8
198004,27.4,2.3
198005,40.1,2.8
198006,45.7,-1.6
198007,52.8,0.2
198008,51.8,0.7
198009,41.1,-2.8
198010,28.3,-4.0
198011,18.8,-0.6
198012,-2.4,-8.0
198101,-3.0,-0.5
198102,4.9,4.7
198103,15.4,3.3
198104,27.6,2.5
198105,36.0,-1.3
198106,47.4,0.1
198107,52.3,-0.3
198108,53.2,2.1
198109,41.3,-2.6
198110,30.0,-2.3
198111,24.4,5.0
198112,4.7,-0.9
198201,-19.1,-16.6
198202,-3.2,-3.4
198203,9.0,-3.1
198204,21.4,-3.7
198205,39.9,2.6
198206,42.8,-4.5
198207,51.8,-0.8
198208,46.9,-4.2
198209,42.6,-1.3
198210,34.5,2.2
198211,14.7,-4.7
198212,9.3,3.7
198301,0.9,3.4
198302,9.9,9.7
198303,16.4,4.3
198304,23.9,-1.2
198305,32.7,-4.6
198306,45.2,-2.1
198307,56.0,3.4
198308,55.4,4.3
198309,44.2,0.3
198310,32.5,0.2
198311,21.8,2.4
198312,-11.1,-16.7
198401,-8.2,-5.7
198402,12.8,12.6
198403,5.2,-6.9
198404,27.5,2.4
198405,35.7,-1.6
198406,48.2,0.9
198407,52.1,-0.5
198408,53.9,2.8
198409,39.6,-4.3
198410,35.9,3.6
198411,18.7,-0.7
198412,1.6,-4.0
198501,-7.4,-4.9
198502,-4.2,-4.4
198503,17.2,5.1
198504,28.8,3.7
198505,39.3,2.0
198506,42.0,-5.3
198507,50.1,-2.5
198508,48.1,-3.0
198509,41.7,-2.2
198510,31.1,-1.2
198511,9.5,-9.9
198512,-6.8,-12.4
198601,-0.4,2.1
198602,0.1,-0.1
198603,14.0,1.9
198604,30.0,4.9
198605,39.1,1.8
198606,45.7,-1.6
198607,53.1,0.5
198608,47.4,-3.7
198609,41.8,-2.1
198610,31.2,-1.1
198611,13.0,-6.4
198612,6.2,0.6
198701,3.9,6.4
198702,14.5,14.3
198703,18.3,6.2
198704,27.6,2.5
198705,40.0,2.7
198706,48.7,1.4
198707,55.8,3.2
198708,50.6,-0.5
198709,44.5,0.6
198710,28.5,-3.8
198711,22.1,2.7
198712,12.9,7.3
198801,-8.6,-6.1
198802,-9.7,-9.9
198803,13.0,0.9
198804,25.0,-0.1
198805,39.2,1.9
198806,48.7,1.4
198807,54.1,1.5
198808,53.4,2.3
198809,44.6,0.7
198810,27.9,-4.4
198811,21.6,2.2
198812,0.8,-4.8
198901,0.4,2.9
198902,-10.4,-10.6
198903,5.8,-6.3
198904,23.5,-1.6
198905,36.2,-1.1
198906,45.8,-1.5
198907,53.5,0.9
198908,51.7,0.6
198909,41.2,-2.7
198910,30.3,-2.0
198911,13.4,-6.0
198912,-8.7,-14.3
199001,3.6,6.1
199002,-3.8,-4.0
199003,15.1,3.0
199004,26.1,1.0
199005,34.6,-2.7
199006,48.4,1.1
199007,51.4,-1.2
199008,51.7,0.6
199009,44.0,0.1
199010,29.0,-3.3
199011,19.8,0.4
199012,-2.0,-7.6
199101,-8.9,-6.4
199102,3.8,3.6
199103,12.9,0.8
199104,28.6,3.5
199105,41.8,4.5
199106,49.5,2.2
199107,51.3,-1.3
199108,52.0,0.9
199109,42.6,-1.3
199110,28.9,-3.4
199111,12.3,-7.1
199112,3.3,-2.3
199201,3.6,6.1
199202,9.3,9.1
199203,12.2,0.1
199204,25.6,0.5
199205,38.8,1.5
199206,44.3,-3.0
199207,46.2,-6.4
199208,47.3,-3.8
199209,40.6,-3.3
199210,29.7,-2.6
199211,18.7,-0.7
199212,4.1,-1.5
199301,-3.9,-1.4
199302,-1.5,-1.7
199303,12.4,0.3
199304,24.0,-1.1
199305,36.8,-0.5
199306,44.8,-2.5
199307,51.8,-0.8
199308,52.6,1.5
199309,37.2,-6.7
199310,27.0,-5.3
199311,13.7,-5.7
199312,6.6,1.0
199401,-16.5,-14.0
199402,-6.2,-6.4
199403,14.4,2.3
199404,24.8,-0.3
199405,37.6,0.3
199406,49.2,1.9
199407,51.7,-0.9
199408,48.1,-3.0
199409,46.2,2.3
199410,35.8,3.5
199411,22.2,2.8
199412,11.1,5.5
199501,1.1,3.6
199502,-4.0,-4.2
199503,13.4,1.3
199504,22.1,-3.0
199505,37.0,-0.3
199506,50.4,3.1
199507,52.0,-0.6
199508,54.3,3.2
199509,40.3,-3.6
199510,31.9,-0.4
199511,8.1,-11.3
199512,-2.3,-7.9
199601,-13.6,-11.1
199602,-5.4,-5.6
199603,4.1,-8.0
199604,21.9,-3.2
199605,33.8,-3.5
199606,49.1,1.8
199607,50.0,-2.6
199608,52.2,1.1
199609,45.0,1.1
199610,30.4,-1.9
199611,12.8,-6.6
199612,3.1,-2.5
199701,-4.8,-2.3
199702,0.4,0.2
199703,9.6,-2.5
199704,22.8,-2.3
199705,33.6,-3.7
199706,48.7,1.4
199707,51.9,-0.7
199708,48.8,-2.3
199709,44.9,1.0
199710,32.0,-0.3
199711,16.6,-2.8
199712,15.3,9.7
199801,7.2,9.7
199802,19.7,19.5
199803,14.3,2.2
199804,29.6,4.5
199805,41.2,3.9
199806,48.3,1.0
199807,52.4,-0.2
199808,54.2,3.1
199809,45.4,1.5
199810,34.7,2.4
199811,22.6,3.2
199812,6.6,1.0
199901,-4.1,-1.6
199902,8.1,7.9
199903,13.5,1.4
199904,29.6,4.5
199905,41.0,3.7
199906,48.3,1.0
199907,55.5,2.9
199908,50.8,-0.3
199909,43.1,-0.8
199910,29.6,-2.7
199911,25.6,6.2
199912,8.4,2.8
200001,-5.4,-2.9
200002,7.2,7.0
200003,20.8,8.7
200004,24.3,-0.8
200005,39.4,2.1
200006,43.4,-3.9
200007,52.2,-0.4
200008,52.0,0.9
200009,39.9,-4.0
200010,33.7,1.4
200011,22.8,3.4
200012,-8.1,-13.7
200101,4.8,7.3
200102,-5.4,-5.6
200103,9.8,-2.3
200104,28.2,3.1
200105,39.3,2.0
200106,49.0,1.7
200107,52.5,-0.1
200108,53.6,2.5
200109,42.9,-1.0
200110,31.5,-0.8
200111,28.6,9.2
200112,13.0,7.4
200201,5.4,7.9
200202,6.8,6.6
200203,3.6,-8.5
200204,25.0,-0.1
200205,32.0,-5.3
200206,48.2,0.9
200207,55.8,3.2
200208,52.4,1.3
200209,45.9,2.0
200210,27.0,-5.3
200211,14.6,-4.8
200212,8.6,3.0
200301,-4.6,-2.1
200302,-7.2,-7.4
200303,9.0,-3.1
200304,23.6,-1.5
200305,36.8,-0.5
200306,46.2,-1.1
200307,52.8,0.2
200308,54.1,3.0
200309,44.8,0.9
200310,31.9,-0.4
200311,17.7,-1.7
200312,10.3,4.7
200401,-10.7,-8.2
200402,2.2,2.0
200403,15.7,3.6
200404,25.6,0.5
200405,33.8,-3.5
200406,43.8,-3.5
200407,50.2,-2.4
200408,45.6,-5.5
200409,47.9,4.0
200410,34.4,2.1
200411,22.5,3.1
200412,0.6,-5.0
200501,-7.1,-4.6
200502,6.5,6.3
200503,6.7,-5.4
200504,29.3,4.2
200505,37.0,-0.3
200506,49.6,2.3
200507,53.1,0.5
200508,51.1,0.0
200509,45.5,1.6
200510,35.5,3.2
200511,20.4,1.0
200512,10.1,4.5
200601,13.0,15.5
200602,-1.5,-1.7
200603,16.5,4.4
200604,31.1,6.0
200605,40.0,2.7
200606,48.1,0.8
200607,55.6,3.0
200608,51.5,0.4
200609,41.5,-2.4
200610,28.6,-3.7
200611,22.6,3.2
200612,13.3,7.7
200701,2.3,4.8
200702,-5.9,-6.1
200703,15.7,3.6
200704,22.9,-2.2
200705,39.8,2.5
200706,48.8,1.5
200707,52.6,0.0
200708,49.7,-1.4
200709,44.1,0.2
200710,38.0,5.7
200711,20.1,0.7
200712,2.5,-3.1
200801,-1.2,1.3
200802,-4.2,-4.4
200803,6.6,-5.5
200804,25.3,0.2
200805,33.3,-4.0
200806,46.4,-0.9
200807,51.1,-1.5
200808,49.4,-1.7
200809,44.0,0.1
200810,34.1,1.8
200811,20.0,0.6
200812,-6.3,-11.9
200901,-12.2,-9.7
200902,1.6,1.4
200903,10.0,-2.1
200904,26.1,1.0
200905,34.1,-3.2
200906,45.2,-2.1
200907,47.8,-4.8
200908,48.2,-2.9
200909,47.9,4.0
200910,30.7,-1.6
200911,27.1,7.7
200912,2.0,-3.6
201001,-0.2,2.3
201002,0.8,0.6
201003,21.9,9.8
201004,30.3,5.2
201005,39.7,2.4
201006,47.9,0.6
201007,55.7,3.1
201008,54.7,3.6
201009,40.0,-3.9
201010,33.5,1.2
201011,20.3,0.9
201012,2.8,-2.8
201101,-5.5,-3.0
201102,-0.5,-0.7
201103,9.7,-2.4
201104,26.2,1.1
201105,37.2,-0.1
201106,46.6,-0.7
201107,55.5,2.9
201108,52.0,0.9
201109,42.0,-1.9
201110,35.6,3.3
201111,21.3,1.9
201112,9.8,4.2
201201,5.0,7.5
201202,9.4,9.2
201203,25.3,13.2
201204,26.7,1.6
201205,40.5,3.2
201206,49.0,1.7
201207,56.7,4.1
201208,50.6,-0.5
201209,40.0,-3.9
201210,31.0,-1.3
201211,19.6,0.2
201212,7.6,2.0
201301,-1.7,0.8
201302,-1.5,-1.7
201303,6.5,-5.6
201304,19.4,-5.7
201305,35.7,-1.6
201306,46.0,-1.3
201307,52.2,-0.4
201308,51.1,0.0
201309,44.7,0.8
201310,34.0,1.7
201311,17.8,-1.6
201312,-9.8,-15.4
201401,-14.9,-12.4
201402,-10.5,-10.7
201403,0.1,-12.0
201404,21.7,-3.4
201405,37.5,0.2
201406,46.7,-0.6
201407,50.6,-2.0
201408,50.6,-0.5
201409,43.9,0.0
201410,33.3,1.0
201411,11.5,-7.9
201412,9.7,4.1
201501,-2.2,0.3
201502,-12.8,-13.0
201503,13.0,0.9
201504,25.3,0.2
201505,37.0,-0.3
201506,46.0,-1.3
201507,54.2,1.6
201508,50.4,-0.7
201509,48.9,5.0
201510,33.5,1.2
201511,26.0,6.6
201512,17.3,11.7
201601,2.0,4.5
201602,2.4,2.2
201603,18.6,6.5
201604,23.8,-1.3
201605,38.0,0.7
201606,47.3,0.0
201607,53.2,0.6
201608,53.3,2.2
201609,47.9,4.0
201610,36.1,3.8
201611,28.8,9.4
201612,5.2,-0.4
201701,3.4,5.9
201702,9.0,8.8
201703,10.8,-1.3
201704,26.6,1.5
201705,35.7,-1.6
201706,47.3,0.0
201707,51.3,-1.3
201708,49.1,-2.0
201709,46.6,2.7
201710,35.6,3.3
201711,15.0,-4.4
201712,0.0,-5.6
201801,-3.6,-1.1
201802,-6.8,-7.0
201803,11.5,-0.6
201804,16.6,-8.5
201805,39.8,2.5
201806,47.2,-0.1
201807,54.0,1.4
201808,52.0,0.9
201809,46.1,2.2
201810,30.9,-1.4
201811,13.5,-5.9
201812,8.8,3.2
201901,-7.6,-5.1
201902,-5.8,-6.0
201903,8.8,-3.3
201904,25.1,0.0
201905,33.6,-3.7
201906,44.2,-3.1
201907,53.8,1.2
201908,49.3,-1.8
201909,45.6,1.7
201910,33.0,0.7
201911,15.7,-3.7
201912,5.5,-0.1
202001,4.5,7.0
202002,-3.1,-3.3
202003,14.1,2.0
202004,22.0,-3.1
202005,36.4,-0.9
202006,48.2,0.9
202007,55.1,2.5
202008,52.6,1.5
202009,40.6,-3.3
202010,26.7,-5.6
202011,22.1,2.7
202012,8.0,2.4
202101,5.3,7.8
202102,-5.9,-6.1
202103,18.2,6.1
202104,27.2,2.1
202105,36.6,-0.7
202106,50.4,3.1
202107,52.5,-0.1
202108,53.6,2.5
202109,44.7,0.8
202110,40.1,7.8
202111,20.4,1.0
202112,6.3,0.7
202201,-12.8,-10.3
202202,-11.7,-11.9
202203,9.0,-3.1
202204,21.9,-3.2
202205,37.6,0.3
202206,46.0,-1.3
202207,50.6,-2.0
