Lake County, Minnesota, Maximum Temperature
Units: Degrees Fahrenheit
Base Period: 1991-2020
Missing: -99
Date,Value,Anomaly
189501,10.6,-6.4
189502,20.3,-2.7
189503,33.7,-1.7
189504,52.8,4.7
189505,67.0,4.8
189506,71.5,0.2
189507,73.9,-2.4
189508,74.2,-0.3
189509,66.1,0.9
189510,47.8,-2.6
189511,33.5,-0.8
189512,22.1,0.1
189601,16.9,-0.1
189602,23.6,0.6
189603,27.3,-8.1
189604,49.0,0.9
189605,67.7,5.5
189606,75.9,4.6
189607,78.3,2.0
189608,75.5,1.0
189609,63.4,-1.8
189610,47.4,-3.0
189611,23.6,-10.7
189612,23.1,1.1
189701,13.8,-3.2
189702,23.5,0.5
189703,30.1,-5.3
189704,48.3,0.2
189705,61.5,-0.7
189706,67.9,-3.4
189707,78.6,2.3
189708,73.1,-1.4
189709,72.1,6.9
189710,51.5,1.1
189711,28.8,-5.5
189712,14.7,-7.3
189801,23.2,6.2
189802,22.8,-0.2
189803,36.5,1.1
189804,48.2,0.1
189805,63.6,1.4
189806,70.2,-1.1
189807,80.0,3.7
189808,73.1,-1.4
189809,68.2,3.0
189810,46.7,-3.7
189811,32.2,-2.1
189812,16.4,-5.6
189901,10.6,-6.4
189902,10.7,-12.3
189903,20.9,-14.5
189904,50.2,2.1
189905,61.1,-1.1
189906,72.0,0.7
189907,77.0,0.7
189908,73.9,-0.6
189909,63.4,-1.8
189910,53.3,2.9
189911,43.9,9.6
189912,23.5,1.5
190001,23.7,6.7
190002,15.2,-7.8
190003,30.6,-4.8
190004,56.1,8.0
190005,64.4,2.2
190006,73.2,1.9
190007,75.8,-0.5
190008,77.8,3.3
190009,63.8,-1.4
190010,59.0,8.6
190011,27.5,-6.8
190012,20.2,-1.8
190101,17.7,0.7
190102,17.0,-6.0
190103,29.6,-5.8
190104,51.3,3.2
190105,63.6,1.4
190106,71.8,0.5
190107,76.2,-0.1
190108,75.8,1.3
190109,64.0,-1.2
190110,53.8,3.4
190111,29.2,-5.1
190112,13.9,-8.1
190201,18.2,1.2
190202,21.3,-1.7
190203,40.0,4.6
190204,47.6,-0.5
190205,63.4,1.2
190206,68.5,-2.8
190207,78.2,1.9
190208,71.5,-3.0
190209,61.5,-3.7
190210,50.8,0.4
190211,34.2,-0.1
190212,18.2,-3.8
190301,14.6,-2.4
190302,19.4,-3.6
190303,35.1,-0.3
190304,48.8,0.7
190305,63.2,1.0
190306,72.5,1.2
190307,76.3,0.0
190308,70.0,-4.5
190309,61.7,-3.5
190310,56.8,6.4
190311,30.0,-4.3
190312,11.6,-10.4
190401,9.5,-7.5
190402,8.8,-14.2
190403,29.1,-6.3
190404,44.5,-3.6
190405,63.3,1.1
190406,69.4,-1.9
190407,73.8,-2.5
190408,71.6,-2.9
190409,60.0,-5.2
190410,47.8,-2.6
190411,37.6,3.3
190412,15.8,-6.2
190501,8.9,-8.1
190502,15.5,-7.5
190503,33.6,-1.8
190504,46.8,-1.3
190505,60.6,-1.6
190506,67.5,-3.8
190507,74.3,-2.0
190508,73.7,-0.8
190509,65.4,0.2
190510,49.7,-0.7
190511,35.1,0.8
190512,21.5,-0.5
190601,19.8,2.8
190602,19.6,-3.4
190603,24.8,-10.6
190604,53.4,5.3
190605,59.0,-3.2
190606,70.1,-1.2
190607,76.2,-0.1
190608,73.4,-1.1
190609,70.9,5.7
190610,49.3,-1.1
190611,31.8,-2.5
190612,18.1,-3.9
190701,8.6,-8.4
190702,20.6,-2.4
190703,32.5,-2.9
190704,37.8,-10.3
190705,50.9,-11.3
190706,72.7,1.4
190707,76.5,0.2
190708,70.0,-4.5
190709,60.2,-5.0
190710,50.2,-0.2
190711,32.6,-1.7
190712,22.2,0.2
190801,18.3,1.3
190802,22.5,-0.5
190803,32.4,-3.0
190804,52.5,4.4
190805,62.8,0.6
190806,71.4,0.1
190807,76.1,-0.2
190808,72.0,-2.5
190809,69.9,4.7
190810,51.6,1.2
190811,34.8,0.5
190812,18.4,-3.6
190901,14.4,-2.6
190902,18.7,-4.3
190903,30.8,-4.6
190904,39.0,-9.1
190905,59.4,-2.8
190906,73.1,1.8
190907,75.5,-0.8
190908,73.6,-0.9
190909,64.0,-1.2
190910,48.7,-1.7
190911,36.1,1.8
190912,15.0,-7.0
191001,16.1,-0.9
191002,17.2,-5.8
191003,47.4,12.0
191004,51.9,3.8
191005,59.0,-3.2
191006,77.8,6.5
191007,79.6,3.3
191008,73.3,-1.2
191009,64.4,-0.8
191010,54.0,3.6
191011,25.5,-8.8
191012,16.4,-5.6
191101,11.7,-5.3
191102,24.5,1.5
191103,38.1,2.7
191104,47.5,-0.6
191105,65.0,2.8
191106,75.0,3.7
191107,75.8,-0.5
191108,71.5,-3.0
191109,60.7,-4.5
191110,47.8,-2.6
191111,25.5,-8.8
191112,22.6,0.6
191201,-2.0,-19.0
191202,15.6,-7.4
191203,28.1,-7.3
191204,49.3,1.2
191205,60.1,-2.1
191206,69.8,-1.5
191207,75.1,-1.2
191208,65.9,-8.6
191209,63.3,-1.9
191210,53.8,3.4
191211,36.1,1.8
191212,22.7,0.7
191301,13.4,-3.6
191302,14.2,-8.8
191303,25.4,-10.0
191304,51.6,3.5
191305,59.0,-3.2
191306,74.2,2.9
191307,73.0,-3.3
191308,73.6,-0.9
191309,62.5,-2.7
191310,47.2,-3.2
191311,39.6,5.3
191312,32.6,10.6
191401,21.4,4.4
191402,10.8,-12.2
191403,33.3,-2.1
191404,45.3,-2.8
191405,66.8,4.6
191406,72.8,1.5
191407,79.6,3.3
191408,72.2,-2.3
191409,64.9,-0.3
191410,56.8,6.4
191411,34.7,0.4
191412,14.7,-7.3
191501,14.9,-2.1
191502,28.0,5.0
191503,34.9,-0.5
191504,57.7,9.6
191505,59.2,-3.0
191506,65.6,-5.7
191507,73.4,-2.9
191508,74.4,-0.1
191509,65.1,-0.1
191510,50.0,-0.4
191511,34.3,0.0
191512,20.1,-1.9
191601,11.5,-5.5
191602,14.2,-8.8
191603,29.2,-6.2
191604,46.2,-1.9
191605,57.9,-4.3
191606,66.9,-4.4
191607,82.6,6.3
191608,74.8,0.3
191609,63.0,-2.2
191610,49.9,-0.5
191611,33.3,-1.0
191612,13.2,-8.8
191701,10.4,-6.6
191702,10.4,-12.6
191703,30.8,-4.6
191704,42.6,-5.5
191705,60.0,-2.2
191706,68.1,-3.2
191707,76.6,0.3
191708,70.2,-4.3
191709,60.8,-4.4
191710,39.0,-11.4
191711,36.7,2.4
191712,9.9,-12.1
191801,5.7,-11.3
191802,17.3,-5.7
191803,39.9,4.5
191804,48.8,0.7
191805,63.5,1.3
191806,70.7,-0.6
191807,75.5,-0.8
191808,75.0,0.5
191809,59.8,-5.4
191810,51.5,1.1
191811,36.3,2.0
191812,23.2,1.2
191901,21.3,4.3
191902,20.7,-2.3
191903,31.1,-4.3
191904,47.8,-0.3
191905,64.1,1.9
191906,71.8,0.5
191907,79.3,3.0
191908,74.9,0.4
191909,65.5,0.3
191910,46.1,-4.3
191911,26.4,-7.9
191912,9.6,-12.4
192001,7.6,-9.4
192002,19.4,-3.6
192003,33.8,-1.6
192004,41.4,-6.7
192005,63.7,1.5
192006,71.1,-0.2
192007,74.7,-1.6
192008,74.6,0.1
192009,68.8,3.6
192010,57.9,7.5
192011,31.2,-3.1
192012,21.6,-0.4
192101,20.6,3.6
192102,25.4,2.4
192103,33.1,-2.3
192104,52.4,4.3
192105,64.7,2.5
192106,76.9,5.6
192107,82.3,6.0
192108,73.9,-0.6
192109,66.1,0.9
192110,51.2,0.8
192111,26.3,-8.0
192112,18.7,-3.3
192201,13.2,-3.8
192202,16.3,-6.7
192203,33.8,-1.6
192204,46.0,-2.1
192205,66.2,4.0
192206,71.8,0.5
192207,73.4,-2.9
192208,74.2,-0.3
192209,66.8,1.6
192210,52.5,2.1
192211,35.7,1.4
192212,14.9,-7.1
192301,16.9,-0.1
192302,14.3,-8.7
192303,23.8,-11.6
192304,46.7,-1.4
192305,64.6,2.4
192306,76.0,4.7
192307,77.6,1.3
192308,71.8,-2.7
192309,65.5,0.3
192310,52.0,1.6
192311,39.9,5.6
192312,27.8,5.8
192401,7.5,-9.5
192402,24.2,1.2
192403,33.0,-2.4
192404,46.0,-2.1
192405,56.8,-5.4
192406,69.4,-1.9
192407,73.9,-2.4
192408,71.2,-3.3
192409,60.8,-4.4
192410,57.0,6.6
192411,31.9,-2.4
192412,10.0,-12.0
192501,14.8,-2.2
192502,21.4,-1.6
192503,35.5,0.1
192504,52.8,4.7
192505,61.3,-0.9
192506,71.0,-0.3
192507,77.5,1.2
192508,76.9,2.4
192509,65.2,0.0
192510,40.3,-10.1
192511,32.7,-1.6
192512,16.4,-5.6
192601,17.1,0.1
192602,22.9,-0.1
192603,28.5,-6.9
192604,47.9,-0.2
192605,63.9,1.7
192606,68.2,-3.1
192607,74.9,-1.4
192608,72.5,-2.0
192609,57.2,-8.0
192610,46.2,-4.2
192611,25.4,-8.9
192612,16.5,-5.5
192701,12.9,-4.1
192702,22.9,-0.1
192703,36.6,1.2
192704,46.2,-1.9
192705,55.7,-6.5
192706,67.4,-3.9
192707,72.6,-3.7
192708,70.2,-4.3
192709,65.8,0.6
192710,52.7,2.3
192711,29.0,-5.3
192712,11.4,-10.6
192801,16.1,-0.9
192802,21.0,-2.0
192803,32.7,-2.7
192804,42.3,-5.8
192805,65.3,3.1
192806,67.0,-4.3
192807,73.6,-2.7
192808,72.4,-2.1
192809,59.0,-6.2
192810,49.8,-0.6
192811,36.1,1.8
192812,23.6,1.6
192901,4.5,-12.5
192902,14.6,-8.4
192903,34.8,-0.6
192904,48.6,0.5
192905,59.4,-2.8
192906,70.3,-1.0
192907,79.1,2.8
192908,75.6,1.1
192909,62.6,-2.6
192910,53.2,2.8
192911,29.3,-5.0
192912,15.3,-6.7
193001,7.4,-9.6
193002,24.6,1.6
193003,33.9,-1.5
193004,50.2,2.1
193005,62.7,0.5
193006,73.6,2.3
193007,77.0,0.7
193008,80.1,5.6
193009,64.5,-0.7
193010,47.0,-3.4
193011,35.4,1.1
193012,21.4,-0.6
193101,22.5,5.5
193102,32.0,9.0
193103,34.0,-1.4
193104,52.6,4.5
193105,61.9,-0.3
193106,72.6,1.3
193107,81.0,4.7
193108,73.7,-0.8
193109,68.3,3.1
193110,56.9,6.5
193111,39.4,5.1
193112,28.0,6.0
193201,21.3,4.3
193202,22.6,-0.4
193203,26.1,-9.3
193204,47.6,-0.5
193205,64.1,1.9
193206,73.9,2.6
193207,77.2,0.9
193208,76.7,2.2
193209,64.9,-0.3
193210,46.7,-3.7
193211,30.1,-4.2
193212,17.0,-5.0
193301,22.0,5.0
193302,16.8,-6.2
193303,30.3,-5.1
193304,44.8,-3.3
193305,63.2,1.0
193306,77.0,5.7
193307,77.9,1.6
193308,74.9,0.4
193309,67.6,2.4
193310,46.4,-4.0
193311,26.8,-7.5
193312,14.3,-7.7
193401,20.3,3.3
193402,17.3,-5.7
193403,30.1,-5.3
193404,44.4,-3.7
193405,69.8,7.6
193406,72.7,1.4
193407,78.3,2.0
193408,72.1,-2.4
193409,59.9,-5.3
193410,53.0,2.6
193411,36.4,2.1
193412,16.8,-5.2
193501,10.7,-6.3
193502,27.0,4.0
193503,31.7,-3.7
193504,44.3,-3.8
193505,59.8,-2.4
193506,68.0,-3.3
193507,78.7,2.4
193508,72.7,-1.8
193509,61.9,-3.3
193510,48.7,-1.7
193511,26.6,-7.7
193512,18.9,-3.1
193601,8.3,-8.7
193602,7.2,-15.8
193603,31.7,-3.7
193604,42.7,-5.4
193605,65.1,2.9
193606,71.8,0.5
193607,81.3,5.0
193608,74.9,0.4
193609,66.2,1.0
193610,45.3,-5.1
193611,27.7,-6.6
193612,21.9,-0.1
193701,8.8,-8.2
193702,19.2,-3.8
193703,30.6,-4.8
193704,43.2,-4.9
193705,63.8,1.6
193706,72.4,1.1
193707,77.0,0.7
193708,78.5,4.0
193709,63.7,-1.5
193710,46.4,-4.0
193711,29.7,-4.6
193712,16.2,-5.8
193801,10.8,-6.2
193802,23.4,0.4
193803,40.3,4.9
193804,46.7,-1.4
193805,58.8,-3.4
193806,71.0,-0.3
193807,74.8,-1.5
193808,77.7,3.2
193809,65.4,0.2
193810,56.4,6.0
193811,29.8,-4.5
193812,19.4,-2.6
193901,19.8,2.8
193902,13.4,-9.6
193903,30.2,-5.2
193904,44.2,-3.9
193905,64.0,1.8
193906,70.3,-1.0
193907,77.0,0.7
193908,73.8,-0.7
193909,64.3,-0.9
193910,46.6,-3.8
193911,38.6,4.3
193912,29.6,7.6
194001,12.6,-4.4
194002,23.6,0.6
194003,26.3,-9.1
194004,43.8,-4.3
194005,58.0,-4.2
194006,69.2,-2.1
194007,75.3,-1.0
194008,70.8,-3.7
194009,68.5,3.3
194010,53.1,2.7
194011,28.2,-6.1
194012,20.9,-1.1
194101,17.6,0.6
194102,20.7,-2.3
194103,31.5,-3.9
194104,52.6,4.5
194105,65.6,3.4
194106,71.4,0.1
194107,78.4,2.1
194108,72.1,-2.4
194109,63.4,-1.8
194110,51.5,1.1
194111,33.5,-0.8
194112,25.4,3.4
194201,20.6,3.6
194202,21.4,-1.6
194203,36.2,0.8
194204,55.2,7.1
194205,60.2,-2.0
194206,69.0,-2.3
194207,74.2,-2.1
194208,72.2,-2.3
194209,61.0,-4.2
194210,53.2,2.8
194211,32.8,-1.5
194212,14.7,-7.3
194301,9.2,-7.8
194302,23.3,0.3
194303,26.9,-8.5
194304,47.2,-0.9
194305,59.8,-2.4
194306,70.8,-0.5
194307,78.3,2.0
194308,72.7,-1.8
194309,60.9,-4.3
194310,53.4,3.0
194311,28.1,-6.2
194312,22.1,0.1
194401,25.8,8.8
194402,21.4,-1.6
194403,28.5,-6.9
194404,46.8,-1.3
194405,63.4,1.2
194406,71.4,0.1
194407,74.0,-2.3
194408,72.9,-1.6
194409,62.6,-2.6
194410,54.6,4.2
194411,35.0,0.7
194412,18.3,-3.7
194501,12.5,-4.5
194502,21.8,-1.2
194503,42.6,7.2
194504,44.1,-4.0
194505,56.6,-5.6
194506,66.1,-5.2
194507,72.4,-3.9
194508,72.3,-2.2
194509,61.6,-3.6
194510,50.6,0.2
194511,28.5,-5.8
194512,14.8,-7.2
194601,15.4,-1.6
194602,16.4,-6.6
194603,43.8,8.4
194604,50.4,2.3
194605,60.7,-1.5
194606,70.1,-1.2
194607,76.0,-0.3
194608,71.8,-2.7
194609,63.3,-1.9
194610,51.0,0.6
194611,33.8,-0.5
194612,18.4,-3.6
194701,19.8,2.8
194702,17.3,-5.7
194703,31.3,-4.1
194704,41.9,-6.2
194705,56.0,-6.2
194706,65.7,-5.6
194707,75.9,-0.4
194708,76.2,1.7
194709,62.3,-2.9
194710,59.8,9.4
194711,26.8,-7.5
194712,19.0,-3.0
194801,12.8,-4.2
194802,18.6,-4.4
194803,30.9,-4.5
194804,48.9,0.8
194805,62.4,0.2
194806,70.3,-1.0
194807,75.5,-0.8
194808,74.2,-0.3
194809,71.5,6.3
194810,54.2,3.8
194811,33.7,-0.6
194812,20.9,-1.1
194901,18.4,1.4
194902,18.1,-4.9
194903,29.4,-6.0
194904,51.7,3.6
194905,63.8,1.6
194906,73.2,1.9
194907,74.9,-1.4
194908,74.5,0.0
194909,61.2,-4.0
194910,52.0,1.6
194911,33.6,-0.7
194912,19.4,-2.6
195001,10.4,-6.6
195002,21.2,-1.8
195003,26.5,-8.9
195004,35.1,-13.0
195005,57.5,-4.7
195006,70.2,-1.1
195007,71.1,-5.2
195008,67.7,-6.8
195009,64.1,-1.1
195010,52.7,2.3
195011,27.7,-6.6
195012,15.0,-7.0
195101,13.4,-3.6
195102,20.8,-2.2
195103,27.2,-8.2
195104,44.1,-4.0
195105,66.2,4.0
195106,67.6,-3.7
195107,74.1,-2.2
195108,68.3,-6.2
195109,58.6,-6.6
195110,47.2,-3.2
195111,26.4,-7.9
195112,15.2,-6.8
195201,15.9,-1.1
195202,26.4,3.4
195203,30.5,-4.9
195204,55.3,7.2
195205,63.0,0.8
195206,73.0,1.7
195207,75.8,-0.5
195208,72.4,-2.1
195209,64.4,-0.8
195210,48.6,-1.8
195211,34.4,0.1
195212,23.8,1.8
195301,17.5,0.5
195302,21.4,-1.6
195303,33.5,-1.9
195304,43.5,-4.6
195305,61.0,-1.2
195306,72.1,0.8
195307,74.8,-1.5
195308,74.6,0.1
195309,62.4,-2.8
195310,57.8,7.4
195311,37.5,3.2
195312,20.8,-1.2
195401,11.1,-5.9
195402,32.2,9.2
195403,30.5,-4.9
195404,45.8,-2.3
195405,54.4,-7.8
195406,73.5,2.2
195407,75.7,-0.6
195408,72.0,-2.5
195409,59.7,-5.5
195410,47.5,-2.9
195411,35.5,1.2
195412,22.3,0.3
195501,15.0,-2.0
195502,19.0,-4.0
195503,28.1,-7.3
195504,54.1,6.0
195505,66.0,3.8
195506,73.2,1.9
195507,79.5,3.2
195508,78.0,3.5
195509,62.8,-2.4
195510,52.3,1.9
195511,27.2,-7.1
195512,15.3,-6.7
195601,20.0,3.0
195602,21.9,-1.1
195603,30.1,-5.3
195604,42.4,-5.7
195605,59.1,-3.1
195606,74.6,3.3
195607,71.1,-5.2
195608,70.7,-3.8
195609,60.0,-5.2
195610,58.6,8.2
195611,32.8,-1.5
195612,21.2,-0.8
195701,8.3,-8.7
195702,20.6,-2.4
195703,32.9,-2.5
195704,47.6,-0.5
195705,61.6,-0.6
195706,69.6,-1.7
195707,77.6,1.3
195708,73.3,-1.2
195709,60.9,-4.3
195710,50.8,0.4
195711,30.9,-3.4
195712,21.9,-0.1
195801,20.7,3.7
195802,18.2,-4.8
195803,35.6,0.2
195804,51.6,3.5
195805,62.9,0.7
195806,66.5,-4.8
195807,74.0,-2.3
195808,73.8,-0.7
195809,62.9,-2.3
195810,52.5,2.1
195811,34.1,-0.2
195812,11.3,-10.7
195901,7.8,-9.2
195902,18.9,-4.1
195903,34.9,-0.5
195904,47.1,-1.0
195905,62.2,0.0
195906,73.7,2.4
195907,77.7,1.4
195908,74.9,0.4
195909,62.6,-2.6
195910,44.0,-6.4
195911,23.8,-10.5
195912,27.5,5.5
196001,16.8,-0.2
196002,22.4,-0.6
196003,26.6,-8.8
196004,46.0,-2.1
196005,61.0,-1.2
196006,69.6,-1.7
196007,76.3,0.0
196008,75.0,0.5
196009,64.2,-1.0
196010,51.4,1.0
196011,34.0,-0.3
196012,17.0,-5.0
196101,13.8,-3.2
196102,27.8,4.8
196103,37.5,2.1
196104,43.7,-4.4
196105,61.7,-0.5
196106,74.9,3.6
196107,76.8,0.5
196108,78.6,4.1
196109,62.8,-2.4
196110,52.4,2.0
196111,33.5,-0.8
196112,18.7,-3.3
196201,10.2,-6.8
196202,15.3,-7.7
196203,33.4,-2.0
196204,44.5,-3.6
196205,61.4,-0.8
196206,70.2,-1.1
196207,71.9,-4.4
196208,73.0,-1.5
196209,61.5,-3.7
196210,53.5,3.1
196211,36.8,2.5
196212,20.4,-1.6
196301,6.0,-11.0
196302,15.8,-7.2
196303,36.7,1.3
196304,50.5,2.4
196305,59.6,-2.6
196306,72.6,1.3
196307,76.7,0.4
196308,71.9,-2.6
196309,66.0,0.8
196310,64.0,13.6
196311,39.2,4.9
196312,13.5,-8.5
196401,23.4,6.4
196402,26.0,3.0
196403,28.6,-6.8
196404,48.5,0.4
196405,65.2,3.0
196406,69.8,-1.5
196407,77.9,1.6
196408,67.8,-6.7
196409,60.9,-4.3
196410,51.3,0.9
196411,35.0,0.7
196412,14.9,-7.1
196501,13.0,-4.0
196502,15.5,-7.5
196503,26.2,-9.2
196504,45.4,-2.7
196505,62.8,0.6
196506,68.8,-2.5
196507,71.5,-4.8
196508,71.6,-2.9
196509,54.1,-11.1
196510,51.4,1.0
196511,32.3,-2.0
196512,25.1,3.1
196601,7.6,-9.4
196602,20.2,-2.8
196603,36.2,0.8
196604,41.6,-6.5
196605,55.8,-6.4
196606,73.0,1.7
196607,79.5,3.2
196608,70.3,-4.2
196609,64.4,-0.8
196610,50.3,-0.1
196611,30.4,-3.9
196612,18.2,-3.8
196701,16.8,-0.2
196702,14.4,-8.6
196703,33.6,-1.8
196704,45.7,-2.4
196705,55.7,-6.5
196706,69.8,-1.5
196707,74.1,-2.2
196708,71.2,-3.3
196709,65.4,0.2
196710,48.0,-2.4
196711,30.2,-4.1
196712,21.8,-0.2
196801,16.3,-0.7
196802,19.8,-3.2
196803,39.9,4.5
196804,48.6,0.5
196805,57.2,-5.0
196806,68.0,-3.3
196807,73.6,-2.7
196808,71.4,-3.1
196809,62.9,-2.3
196810,51.9,1.5
196811,33.5,-0.8
196812,18.1,-3.9
196901,13.9,-3.1
196902,23.6,0.6
196903,32.0,-3.4
196904,50.4,2.3
196905,61.1,-1.1
196906,62.3,-9.0
196907,73.8,-2.5
196908,77.2,2.7
196909,62.8,-2.4
196910,45.0,-5.4
196911,33.5,-0.8
196912,22.4,0.4
197001,10.3,-6.7
197002,20.7,-2.3
197003,30.9,-4.5
197004,44.5,-3.6
197005,54.4,-7.8
197006,71.9,0.6
197007,79.3,3.0
197008,76.7,2.2
197009,63.2,-2.0
197010,50.6,0.2
197011,31.8,-2.5
197012,19.3,-2.7
197101,6.7,-10.3
197102,21.7,-1.3
197103,30.0,-5.4
197104,47.2,-0.9
197105,59.0,-3.2
197106,72.9,1.6
197107,72.0,-4.3
197108,72.7,-1.8
197109,64.5,-0.7
197110,53.5,3.1
197111,31.3,-3.0
197112,20.5,-1.5
197201,8.8,-8.2
197202,15.4,-7.6
197203,28.4,-7.0
197204,44.1,-4.0
197205,66.1,3.9
197206,71.8,0.5
197207,72.0,-4.3
197208,72.1,-2.4
197209,58.7,-6.5
197210,46.7,-3.7
197211,30.0,-4.3
197212,12.0,-10.0
197301,20.5,3.5
197302,22.5,-0.5
197303,39.9,4.5
197304,47.0,-1.1
197305,58.1,-4.1
197306,69.5,-1.8
197307,75.2,-1.1
197308,74.3,-0.2
197309,62.0,-3.2
197310,54.9,4.5
197311,32.6,-1.7
197312,18.3,-3.7
197401,13.6,-3.4
197402,21.4,-1.6
197403,29.8,-5.6
197404,48.0,-0.1
197405,55.4,-6.8
197406,70.7,-0.6
197407,78.1,1.8
197408,69.9,-4.6
197409,57.5,-7.7
197410,51.0,0.6
197411,34.3,0.0
197412,26.0,4.0
197501,18.3,1.3
197502,22.0,-1.0
197503,29.3,-6.1
197504,41.5,-6.6
197505,65.9,3.7
197506,69.1,-2.2
197507,79.1,2.8
197508,73.2,-1.3
197509,59.8,-5.4
197510,53.3,2.9
197511,38.5,4.2
197512,19.1,-2.9
197601,14.6,-2.4
197602,29.8,6.8
197603,31.0,-4.4
197604,52.9,4.8
197605,63.1,0.9
197606,74.1,2.8
197607,77.7,1.4
197608,77.1,2.6
197609,65.8,0.6
197610,45.1,-5.3
197611,28.2,-6.1
197612,11.7,-10.3
197701,7.1,-9.9
197702,23.4,0.4
197703,40.0,4.6
197704,54.5,6.4
197705,70.9,8.7
197706,70.1,-1.2
197707,75.8,-0.5
197708,66.4,-8.1
197709,59.7,-5.5
197710,52.1,1.7
197711,34.0,-0.3
197712,16.1,-5.9
197801,11.2,-5.8
197802,18.3,-4.7
197803,34.0,-1.4
197804,45.5,-2.6
197805,65.0,2.8
197806,70.3,-1.0
197807,72.6,-3.7
197808,72.7,-1.8
197809,65.7,0.5
197810,52.7,2.3
197811,32.6,-1.7
197812,15.0,-7.0
197901,6.7,-10.3
197902,14.0,-9.0
197903,30.8,-4.6
197904,42.5,-5.6
197905,55.7,-6.5
197906,69.4,-1.9
197907,76.7,0.4
197908,70.3,-4.2
197909,64.2,-1.0
197910,46.3,-4.1
197911,31.8,-2.5
197912,26.5,4.5
198001,16.5,-0.5
198002,19.8,-3.2
198003,30.6,-4.8
198004,51.6,3.5
198005,68.0,5.8
198006,71.0,-0.3
198007,77.5,1.2
198008,72.5,-2.0
198009,61.0,-4.2
198010,45.2,-5.2
198011,34.9,0.6
198012,17.2,-4.8
198101,19.9,2.9
198102,24.3,1.3
198103,38.4,3.0
198104,48.9,0.8
198105,62.8,0.6
198106,69.2,-2.1
198107,77.1,0.8
198108,74.7,0.2
198109,61.9,-3.3
198110,46.9,-3.5
198111,40.7,6.4
198112,19.4,-2.6
198201,7.3,-9.7
198202,19.1,-3.9
198203,30.8,-4.6
198204,45.5,-2.6
198205,64.7,2.5
198206,65.7,-5.6
198207,76.0,-0.3
198208,69.9,-4.6
198209,62.6,-2.6
198210,51.4,1.0
198211,31.2,-3.1
198212,24.3,2.3
198301,21.0,4.0
198302,26.1,3.1
198303,33.9,-1.5
198304,45.3,-2.8
198305,58.4,-3.8
198306,70.1,-1.2
198307,79.9,3.6
198308,79.1,4.6
198309,64.0,-1.2
198310,49.4,-1.0
198311,32.7,-1.6
198312,8.8,-13.2
198401,14.3,-2.7
198402,31.4,8.4
198403,29.8,-5.6
198404,52.5,4.4
198405,60.5,-1.7
198406,70.8,-0.5
198407,76.0,-0.3
198408,77.0,2.5
198409,59.9,-5.3
198410,52.8,2.4
198411,33.8,-0.5
198412,19.6,-2.4
198501,14.3,-2.7
198502,19.3,-3.7
198503,38.7,3.3
198504,50.7,2.6
198505,65.4,3.2
198506,67.1,-4.2
198507,75.3,-1.0
198508,69.8,-4.7
198509,61.5,-3.7
198510,51.1,0.7
198511,25.9,-8.4
198512,10.3,-11.7
198601,19.8,2.8
198602,20.9,-2.1
198603,38.0,2.6
198604,52.4,4.3
198605,64.8,2.6
198606,71.3,0.0
198607,74.9,-1.4
198608,70.6,-3.9
198609,60.0,-5.2
198610,50.0,-0.4
198611,29.2,-5.1
198612,25.0,3.0
198701,21.7,4.7
198702,32.7,9.7
198703,39.6,4.2
198704,60.4,12.3
198705,64.5,2.3
198706,76.3,5.0
198707,77.6,1.3
198708,73.0,-1.5
198709,65.2,0.0
198710,46.3,-4.1
198711,37.3,3.0
198712,25.1,3.1
198801,12.9,-4.1
198802,18.0,-5.0
198803,32.6,-2.8
198804,50.8,2.7
198805,70.1,7.9
198806,77.3,6.0
198807,82.1,5.8
198808,73.0,-1.5
198809,63.1,-2.1
198810,47.1,-3.3
198811,32.2,-2.1
198812,19.9,-2.1
198901,23.0,6.0
198902,15.3,-7.7
198903,28.1,-7.3
198904,45.8,-2.3
198905,64.4,2.2
198906,69.7,-1.6
198907,79.2,2.9
198908,74.3,-0.2
198909,65.0,-0.2
198910,54.3,3.9
198911,29.0,-5.3
198912,10.9,-11.1
199001,25.7,8.7
199002,25.6,2.6
199003,37.1,1.7
199004,50.0,1.9
199005,59.1,-3.1
199006,72.2,0.9
199007,76.1,-0.2
199008,75.7,1.2
199009,65.7,0.5
199010,49.9,-0.5
199011,37.5,3.2
199012,19.2,-2.8
199101,13.7,-3.3
199102,27.9,4.9
199103,35.4,0.0
199104,53.2,5.1
199105,64.9,2.7
199106,73.5,2.2
199107,73.9,-2.4
199108,78.5,4.0
199109,60.4,-4.8
199110,46.2,-4.2
199111,26.9,-7.4
199112,22.5,0.5
199201,21.3,4.3
199202,26.1,3.1
199203,34.1,-1.3
199204,42.8,-5.3
199205,65.6,3.4
199206,67.2,-4.1
199207,68.9,-7.4
199208,69.4,-5.1
199209,62.6,-2.6
199210,48.6,-1.8
199211,29.3,-5.0
199212,20.0,-2.0
199301,18.2,1.2
199302,22.7,-0.3
199303,36.7,1.3
199304,45.8,-2.3
199305,59.6,-2.6
199306,66.5,-4.8
199307,71.4,-4.9
199308,73.8,-0.7
199309,57.2,-8.0
199310,46.7,-3.7
199311,30.5,-3.8
199312,20.4,-1.6
199401,5.1,-11.9
199402,16.3,-6.7
199403,36.4,1.0
199404,48.4,0.3
199405,63.9,1.7
199406,72.7,1.4
199407,73.3,-3.0
199408,71.2,-3.3
199409,65.6,0.4
199410,53.4,3.0
199411,37.5,3.2
199412,28.4,6.4
199501,18.6,1.6
199502,21.9,-1.1
199503,35.6,0.2
199504,43.0,-5.1
199505,62.0,-0.2
199506,78.5,7.2
199507,76.0,-0.3
199508,75.9,1.4
199509,62.9,-2.3
199510,49.3,-1.1
199511,24.9,-9.4
199512,17.9,-4.1
199601,12.1,-4.9
199602,20.2,-2.8
199603,28.7,-6.7
199604,44.6,-3.5
199605,59.2,-3.0
199606,71.7,0.4
199607,71.9,-4.4
199608,75.7,1.2
199609,64.7,-0.5
199610,50.9,0.5
199611,26.0,-8.3
199612,17.4,-4.6
199701,13.3,-3.7
199702,23.5,0.5
199703,33.2,-2.2
199704,46.0,-2.1
199705,56.4,-5.8
199706,75.2,3.9
199707,75.4,-0.9
199708,71.9,-2.6
199709,67.9,2.7
199710,51.2,0.8
199711,30.2,-4.1
199712,29.4,7.4
199801,20.8,3.8
199802,35.0,12.0
199803,34.8,-0.6
199804,54.9,6.8
199805,70.0,7.8
199806,67.3,-4.0
199807,76.8,0.5
199808,77.8,3.3
199809,70.2,5.0
199810,53.6,3.2
199811,36.3,2.0
199812,24.4,2.4
199901,14.9,-2.1
199902,30.2,7.2
199903,37.4,2.0
199904,52.1,4.0
199905,64.8,2.6
199906,71.2,-0.1
199907,78.4,2.1
199908,72.8,-1.7
199909,63.2,-2.0
199910,50.2,-0.2
199911,42.0,7.7
199912,26.6,4.6
200001,17.8,0.8
200002,30.5,7.5
200003,43.7,8.3
200004,48.3,0.2
200005,64.4,2.2
200006,66.8,-4.5
200007,75.2,-1.1
200008,74.4,-0.1
200009,63.8,-1.4
200010,56.5,6.1
200011,34.4,0.1
200012,10.9,-11.1
200101,24.2,7.2
200102,18.1,-4.9
200103,34.8,-0.6
200104,49.0,0.9
200105,64.3,2.1
200106,73.4,2.1
200107,77.2,0.9
200108,78.0,3.5
200109,64.9,-0.3
200110,51.7,1.3
200111,44.5,10.2
200112,27.3,5.3
200201,22.8,5.8
200202,30.2,7.2
200203,27.1,-8.3
200204,45.9,-2.2
200205,57.6,-4.6
200206,73.1,1.8
200207,81.3,5.0
200208,73.2,-1.3
200209,67.9,2.7
200210,43.1,-7.3
200211,31.4,-2.9
200212,25.4,3.4
200301,15.0,-2.0
200302,18.3,-4.7
200303,32.1,-3.3
200304,48.1,0.0
200305,63.9,1.7
200306,71.2,-0.1
200307,76.7,0.4
200308,78.3,3.8
200309,65.7,0.5
200310,51.2,0.8
200311,31.8,-2.5
200312,27.0,5.0
200401,10.9,-6.1
200402,26.7,3.7
200403,36.3,0.9
200404,48.4,0.3
200405,56.3,-5.9
200406,67.9,-3.4
200407,74.9,-1.4
200408,68.4,-6.1
200409,67.6,2.4
200410,52.9,2.5
200411,39.4,5.1
200412,20.0,-2.0
200501,14.4,-2.6
200502,28.0,5.0
200503,34.2,-1.2
200504,54.6,6.5
200505,57.8,-4.4
200506,73.1,1.8
200507,77.4,1.1
200508,74.7,0.2
200509,69.4,4.2
200510,53.0,2.6
200511,36.1,1.8
200512,22.0,0.0
200601,28.2,11.2
200602,21.9,-1.1
200603,38.1,2.7
200604,56.0,7.9
200605,62.5,0.3
200606,73.9,2.6
200607,82.2,5.9
200608,75.3,0.8
200609,63.7,-1.5
200610,47.4,-3.0
200611,36.7,2.4
200612,27.7,5.7
200701,21.2,4.2
200702,15.1,-7.9
200703,38.3,2.9
200704,49.5,1.4
200705,64.9,2.7
200706,74.2,2.9
200707,78.4,2.1
200708,75.6,1.1
200709,64.6,-0.6
200710,53.6,3.2
200711,34.0,-0.3
200712,19.7,-2.3
200801,18.6,1.6
200802,20.6,-2.4
200803,32.0,-3.4
200804,45.9,-2.2
200805,59.0,-3.2
200806,70.2,-1.1
200807,75.3,-1.0
200808,76.2,1.7
200809,64.6,-0.6
200810,51.2,0.8
200811,33.8,-0.5
200812,14.1,-7.9
200901,11.6,-5.4
200902,23.3,0.3
200903,33.0,-2.4
200904,48.2,0.1
200905,62.0,-0.2
200906,69.1,-2.2
200907,70.8,-5.5
200908,71.5,-3.0
200909,70.9,5.7
200910,44.2,-6.2
200911,42.4,8.1
200912,17.3,-4.7
201001,18.3,1.3
201002,26.3,3.3
201003,46.2,10.8
201004,57.9,9.8
201005,65.7,3.5
201006,69.1,-2.2
201007,78.2,1.9
201008,76.8,2.3
201009,60.2,-5.0
201010,55.8,5.4
201011,36.7,2.4
201012,19.0,-3.0
201101,11.9,-5.1
201102,22.4,-0.6
201103,32.4,-3.0
201104,47.3,-0.8
201105,59.9,-2.3
201106,68.0,-3.3
201107,79.5,3.2
201108,77.6,3.1
201109,66.3,1.1
201110,55.2,4.8
201111,37.7,3.4
201112,26.2,4.2
201201,23.1,6.1
201202,29.7,6.7
201203,47.6,12.2
201204,50.2,2.1
201205,64.0,1.8
201206,74.6,3.3
201207,81.6,5.3
201208,76.1,1.6
201209,65.5,0.3
201210,48.7,-1.7
201211,34.5,0.2
201212,23.9,1.9
201301,17.9,0.9
201302,20.5,-2.5
201303,31.0,-4.4
201304,40.4,-7.7
201305,58.6,-3.6
201306,70.4,-0.9
201307,74.5,-1.8
201308,76.1,1.6
201309,66.6,1.4
201310,50.6,0.2
201311,33.2,-1.1
201312,10.7,-11.3
201401,7.9,-9.1
201402,13.2,-9.8
201403,27.3,-8.1
201404,43.3,-4.8
201405,61.0,-1.2
201406,69.2,-2.1
201407,74.8,-1.5
201408,71.7,-2.8
201409,64.4,-0.8
201410,50.6,0.2
201411,27.1,-7.2
201412,23.3,1.3
201501,16.7,-0.3
201502,11.0,-12.0
201503,37.4,2.0
201504,50.5,2.4
201505,62.4,0.2
201506,70.4,-0.9
201507,77.0,0.7
201508,73.0,-1.5
201509,70.5,5.3
201510,53.1,2.7
201511,41.3,7.0
201512,29.0,7.0
201601,17.9,0.9
201602,24.3,1.3
201603,38.5,3.1
201604,44.6,-3.5
201605,65.5,3.3
201606,69.9,-1.4
201607,76.5,0.2
201608,75.6,1.1
201609,66.9,1.7
201610,53.9,3.5
201611,45.1,10.8
201612,20.1,-1.9
201701,21.6,4.6
201702,28.3,5.3
201703,32.9,-2.5
201704,50.3,2.2
201705,58.6,-3.6
201706,72.1,0.8
201707,75.6,-0.7
201708,71.4,-3.1
201709,66.4,1.2
201710,53.5,3.1
201711,30.5,-3.8
201712,16.2,-5.8
201801,17.6,0.6
201802,18.7,-4.3
201803,34.9,-0.5
201804,41.6,-6.5
201805,70.0,7.8
201806,72.4,1.1
201807,77.8,1.5
201808,74.6,0.1
201809,64.6,-0.6
201810,44.3,-6.1
201811,26.6,-7.7
201812,25.2,3.2
201901,13.4,-3.6
201902,15.9,-7.1
201903,33.5,-1.9
201904,46.7,-1.4
201905,57.8,-4.4
201906,70.3,-1.0
201907,79.4,3.1
201908,73.6,-0.9
201909,64.0,-1.2
201910,47.9,-2.5
201911,28.0,-6.3
201912,22.5,0.5
202001,21.0,4.0
202002,24.1,1.1
202003,37.3,1.9
202004,45.0,-3.1
202005,62.4,0.2
202006,74.4,3.1
202007,79.2,2.9
202008,75.1,0.6
202009,63.5,-1.7
202010,43.7,-6.7
202011,39.5,5.2
202012,24.3,2.3
202101,23.8,6.8
202102,15.9,-7.1
202103,41.0,5.6
202104,48.8,0.7
202105,63.5,1.3
202106,76.6,5.3
202107,79.9,3.6
202108,77.7,3.2
202109,68.6,3.4
202110,56.5,6.1
202111,36.4,2.1
202112,24.3,2.3
202201,10.8,-6.2
202202,14.8,-8.2
202203,31.8,-3.6
202204,39.4,-8.7
202205,61.0,-1.2
202206,72.5,1.2
202207,75.6,-0.7
